section,comparison,metric,value,unit,n,ci_low,ci_high,notes
detection,C1,applicable_runs,10,runs,10,,,
detection,C1,detected_runs,0,runs,10,,,
detection,C1,detection_rate,0.0,fraction,10,,,
detection,C2,applicable_runs,44,runs,44,,,
detection,C2,detected_runs,39,runs,44,,,
detection,C2,detection_rate,0.8863636363636364,fraction,44,,,
detection,C3,applicable_runs,34,runs,34,,,
detection,C3,detected_runs,34,runs,34,,,
detection,C3,detection_rate,1.0,fraction,34,,,
detection,C4,applicable_runs,10,runs,10,,,
detection,C4,detected_runs,10,runs,10,,,
detection,C4,detection_rate,1.0,fraction,10,,,
detection,C1_vs_C3_matched,matched_pairs,10,pairs,10,,,
detection,C1_vs_C3_matched,C1_yes_C3_no,0,pairs,10,,,
detection,C1_vs_C3_matched,C1_no_C3_yes,10,pairs,10,,,
detection,C1_vs_C3_matched,absolute_detection_gain,1.0,fraction,10,,,
detection,C1_vs_C3_matched,exact_McNemar_two_sided_p,0.001953125,p,10,,,
detection_latency,C2,pcpe_d_mean_ms,4101.387922615385,ms,39,,,
detection_latency,C2,pcpe_d_median_ms,4018.093044,ms,39,,,
detection_latency,C2,pcpe_d_q1_ms,1218.3047765000001,ms,39,,,
detection_latency,C2,pcpe_d_q3_ms,6124.2394105,ms,39,,,
detection_latency,C3,pcpe_d_mean_ms,2785.326510147059,ms,34,,,
detection_latency,C3,pcpe_d_median_ms,1187.8488094999998,ms,34,,,
detection_latency,C3,pcpe_d_q1_ms,434.026919,ms,34,,,
detection_latency,C3,pcpe_d_q3_ms,4119.006803,ms,34,,,
detection_latency,C4,pcpe_d_mean_ms,5656.8692032,ms,10,,,
detection_latency,C4,pcpe_d_median_ms,5633.952836,ms,10,,,
detection_latency,C4,pcpe_d_q1_ms,1186.3206765,ms,10,,,
detection_latency,C4,pcpe_d_q3_ms,10129.91950575,ms,10,,,
detection_latency_scenario,S1_C3,pcpe_d_median_ms,1174.244875,ms,5,,,
detection_latency_scenario,S1_C3,pcpe_d_q1_ms,1150.703789,ms,5,,,
detection_latency_scenario,S1_C3,pcpe_d_q3_ms,1190.266379,ms,5,,,
detection_latency_scenario,S3P3_C3,pcpe_d_median_ms,10197.011162,ms,5,,,
detection_latency_scenario,S3P3_C3,pcpe_d_q1_ms,10066.745254,ms,5,,,
detection_latency_scenario,S3P3_C3,pcpe_d_q3_ms,10210.50254,ms,5,,,
detection_latency_scenario,S4_C3,pcpe_d_median_ms,1071.521467,ms,5,,,
detection_latency_scenario,S4_C3,pcpe_d_q1_ms,1039.233308,ms,5,,,
detection_latency_scenario,S4_C3,pcpe_d_q3_ms,1170.412131,ms,5,,,
detection_latency_scenario,S5_C3,pcpe_d_median_ms,2172.791397,ms,5,,,
detection_latency_scenario,S5_C3,pcpe_d_q1_ms,2122.327043,ms,5,,,
detection_latency_scenario,S5_C3,pcpe_d_q3_ms,2182.708992,ms,5,,,
detection_latency_scenario,S6B_C3,pcpe_d_median_ms,4195.802384,ms,5,,,
detection_latency_scenario,S6B_C3,pcpe_d_q1_ms,4126.519404,ms,5,,,
detection_latency_scenario,S6B_C3,pcpe_d_q3_ms,4211.812941,ms,5,,,
detection_latency_scenario,S7L1_C3,pcpe_d_median_ms,205.575097,ms,3,,,
detection_latency_scenario,S7L1_C3,pcpe_d_q1_ms,132.279686,ms,3,,,
detection_latency_scenario,S7L1_C3,pcpe_d_q3_ms,223.3057795,ms,3,,,
detection_latency_scenario,S7L2_C3,pcpe_d_median_ms,64.139437,ms,3,,,
detection_latency_scenario,S7L2_C3,pcpe_d_q1_ms,50.0037005,ms,3,,,
detection_latency_scenario,S7L2_C3,pcpe_d_q3_ms,106.82516000000001,ms,3,,,
detection_latency_scenario,S7L3_C3,pcpe_d_median_ms,75.787575,ms,3,,,
detection_latency_scenario,S7L3_C3,pcpe_d_q1_ms,74.43525199999999,ms,3,,,
detection_latency_scenario,S7L3_C3,pcpe_d_q3_ms,115.9873545,ms,3,,,
detector_timing_sanity,C3_vs_C4_matched,C4_minus_C3_pcpe_d_mean_ms,5.667544600000179,ms,10,,,
detector_timing_sanity,C3_vs_C4_matched,C4_minus_C3_pcpe_d_median_ms,0.3691970000007814,ms,10,,,
mitigation_installation,C3,tM_minus_tD_mean_ms,0.19665329411766516,ms,34,,,
mitigation_installation,C3,tM_minus_tD_median_ms,0.14197899999999208,ms,34,,,
mitigation_installation,C3,tM_minus_tD_min_ms,0.05572100000017599,ms,34,,,
mitigation_installation,C3,tM_minus_tD_max_ms,0.9037979999999948,ms,34,,,
mitigation_installation,C4,tM_minus_tD_mean_ms,302.2982645999998,ms,10,,,
mitigation_installation,C4,tM_minus_tD_median_ms,300.1151709999996,ms,10,,,
mitigation_installation,C4,tM_minus_tD_min_ms,274.746085,ms,10,,,
mitigation_installation,C4,tM_minus_tD_max_ms,333.3846459999986,ms,10,,,
backend_comparison,C3_XDP_vs_C4_nftables,matched_pairs,10,pairs,10,,,
backend_comparison,C3_XDP_vs_C4_nftables,nft_minus_xdp_mean_ms,302.1917721999997,ms,10,286.5964190874997,317.9405827899992,95% paired bootstrap CI
backend_comparison,C3_XDP_vs_C4_nftables,nft_minus_xdp_median_ms,299.99687749999885,ms,10,276.7253079999998,328.18861200000174,95% paired bootstrap CI
backend_comparison,C3_XDP_vs_C4_nftables,exact_sign_test_two_sided_p,0.001953125,p,10,,,
backend_comparison,C3_XDP_vs_C4_nftables,median_nft_to_xdp_ratio,2929.5131958430047,ratio,10,,,Secondary descriptive metric; absolute difference preferred
effective_enforcement,C3_XDP,install_to_first_drop_mean_ms,487.5087509117647,ms,34,,,
effective_enforcement,C3_XDP,install_to_first_drop_median_ms,217.66739700000016,ms,34,,,Includes time until next malicious packet; not XDP activation latency
effective_enforcement,C4_nftables,pcpe_e_interval_width_median_ms,249.58219350000013,ms,10,,,Effective drop is interval-censored
containment,S1_C2,pcpe_d_median,5.0,targets,5,,,
containment,S1_C2,pcpe_d_min,5.0,targets,5,,,
containment,S1_C2,pcpe_d_max,5.0,targets,5,,,
containment,S1_C2,pcf_d_median,0.5,fraction,5,,,
containment,S1_C2,pcf_d_min,0.5,fraction,5,,,
containment,S1_C2,pcf_d_max,0.5,fraction,5,,,
containment,S1_C3,pcpe_d_median,5.0,targets,5,,,
containment,S1_C3,pcpe_d_min,5.0,targets,5,,,
containment,S1_C3,pcpe_d_max,5.0,targets,5,,,
containment,S1_C3,pcf_d_median,0.5,fraction,5,,,
containment,S1_C3,pcf_d_min,0.5,fraction,5,,,
containment,S1_C3,pcf_d_max,0.5,fraction,5,,,
containment,S1_C3,pcpe_m_median,5.0,targets,5,,,
containment,S1_C3,pcpe_m_min,5.0,targets,5,,,
containment,S1_C3,pcpe_m_max,5.0,targets,5,,,
containment,S1_C3,pcf_m_median,0.5,fraction,5,,,
containment,S1_C3,pcf_m_min,0.5,fraction,5,,,
containment,S1_C3,pcf_m_max,0.5,fraction,5,,,
containment,S1_C3,pcpe_e_median,5.0,targets,5,,,
containment,S1_C3,pcpe_e_min,5.0,targets,5,,,
containment,S1_C3,pcpe_e_max,5.0,targets,5,,,
containment,S1_C3,pcf_e_median,0.5,fraction,5,,,
containment,S1_C3,pcf_e_min,0.5,fraction,5,,,
containment,S1_C3,pcf_e_max,0.5,fraction,5,,,
containment,S1_C4,pcpe_d_median,5.0,targets,5,,,
containment,S1_C4,pcpe_d_min,5.0,targets,5,,,
containment,S1_C4,pcpe_d_max,5.0,targets,5,,,
containment,S1_C4,pcf_d_median,0.5,fraction,5,,,
containment,S1_C4,pcf_d_min,0.5,fraction,5,,,
containment,S1_C4,pcf_d_max,0.5,fraction,5,,,
containment,S1_C4,pcpe_m_median,6.0,targets,5,,,
containment,S1_C4,pcpe_m_min,6.0,targets,5,,,
containment,S1_C4,pcpe_m_max,7.0,targets,5,,,
containment,S1_C4,pcf_m_median,0.6,fraction,5,,,
containment,S1_C4,pcf_m_min,0.6,fraction,5,,,
containment,S1_C4,pcf_m_max,0.7,fraction,5,,,
containment,S1_C4,pcpe_e_lower_median,6.0,targets,5,,,
containment,S1_C4,pcpe_e_lower_min,5.0,targets,5,,,
containment,S1_C4,pcpe_e_lower_max,6.0,targets,5,,,
containment,S1_C4,pcpe_e_upper_median,7.0,targets,5,,,
containment,S1_C4,pcpe_e_upper_min,6.0,targets,5,,,
containment,S1_C4,pcpe_e_upper_max,7.0,targets,5,,,
containment,S1_C4,pcf_e_lower_median,0.6,fraction,5,,,
containment,S1_C4,pcf_e_lower_min,0.5,fraction,5,,,
containment,S1_C4,pcf_e_lower_max,0.6,fraction,5,,,
containment,S1_C4,pcf_e_upper_median,0.7,fraction,5,,,
containment,S1_C4,pcf_e_upper_min,0.6,fraction,5,,,
containment,S1_C4,pcf_e_upper_max,0.7,fraction,5,,,
containment,S2_C2,pcpe_d_median,5.0,targets,3,,,
containment,S2_C2,pcpe_d_min,5.0,targets,3,,,
containment,S2_C2,pcpe_d_max,5.0,targets,3,,,
containment,S2_C2,pcf_d_median,0.5,fraction,3,,,
containment,S2_C2,pcf_d_min,0.5,fraction,3,,,
containment,S2_C2,pcf_d_max,0.5,fraction,3,,,
containment,S3P1_C2,pcpe_d_median,5.0,targets,5,,,
containment,S3P1_C2,pcpe_d_min,5.0,targets,5,,,
containment,S3P1_C2,pcpe_d_max,5.0,targets,5,,,
containment,S3P1_C2,pcf_d_median,0.5,fraction,5,,,
containment,S3P1_C2,pcf_d_min,0.5,fraction,5,,,
containment,S3P1_C2,pcf_d_max,0.5,fraction,5,,,
containment,S3P2_C2,pcpe_d_median,6.0,targets,5,,,
containment,S3P2_C2,pcpe_d_min,6.0,targets,5,,,
containment,S3P2_C2,pcpe_d_max,6.0,targets,5,,,
containment,S3P2_C2,pcf_d_median,0.6,fraction,5,,,
containment,S3P2_C2,pcf_d_min,0.6,fraction,5,,,
containment,S3P2_C2,pcf_d_max,0.6,fraction,5,,,
containment,S3P3_C2,pcpe_d_median,6.0,targets,5,,,
containment,S3P3_C2,pcpe_d_min,6.0,targets,5,,,
containment,S3P3_C2,pcpe_d_max,6.0,targets,5,,,
containment,S3P3_C2,pcf_d_median,0.6,fraction,5,,,
containment,S3P3_C2,pcf_d_min,0.6,fraction,5,,,
containment,S3P3_C2,pcf_d_max,0.6,fraction,5,,,
containment,S3P3_C3,pcpe_d_median,6.0,targets,5,,,
containment,S3P3_C3,pcpe_d_min,6.0,targets,5,,,
containment,S3P3_C3,pcpe_d_max,6.0,targets,5,,,
containment,S3P3_C3,pcf_d_median,0.6,fraction,5,,,
containment,S3P3_C3,pcf_d_min,0.6,fraction,5,,,
containment,S3P3_C3,pcf_d_max,0.6,fraction,5,,,
containment,S3P3_C3,pcpe_m_median,6.0,targets,5,,,
containment,S3P3_C3,pcpe_m_min,6.0,targets,5,,,
containment,S3P3_C3,pcpe_m_max,6.0,targets,5,,,
containment,S3P3_C3,pcf_m_median,0.6,fraction,5,,,
containment,S3P3_C3,pcf_m_min,0.6,fraction,5,,,
containment,S3P3_C3,pcf_m_max,0.6,fraction,5,,,
containment,S3P3_C3,pcpe_e_median,6.0,targets,5,,,
containment,S3P3_C3,pcpe_e_min,6.0,targets,5,,,
containment,S3P3_C3,pcpe_e_max,6.0,targets,5,,,
containment,S3P3_C3,pcf_e_median,0.6,fraction,5,,,
containment,S3P3_C3,pcf_e_min,0.6,fraction,5,,,
containment,S3P3_C3,pcf_e_max,0.6,fraction,5,,,
containment,S3P3_C4,pcpe_d_median,6.0,targets,5,,,
containment,S3P3_C4,pcpe_d_min,6.0,targets,5,,,
containment,S3P3_C4,pcpe_d_max,6.0,targets,5,,,
containment,S3P3_C4,pcf_d_median,0.6,fraction,5,,,
containment,S3P3_C4,pcf_d_min,0.6,fraction,5,,,
containment,S3P3_C4,pcf_d_max,0.6,fraction,5,,,
containment,S3P3_C4,pcpe_m_median,6.0,targets,5,,,
containment,S3P3_C4,pcpe_m_min,6.0,targets,5,,,
containment,S3P3_C4,pcpe_m_max,6.0,targets,5,,,
containment,S3P3_C4,pcf_m_median,0.6,fraction,5,,,
containment,S3P3_C4,pcf_m_min,0.6,fraction,5,,,
containment,S3P3_C4,pcf_m_max,0.6,fraction,5,,,
containment,S3P3_C4,pcpe_e_lower_median,6.0,targets,5,,,
containment,S3P3_C4,pcpe_e_lower_min,6.0,targets,5,,,
containment,S3P3_C4,pcpe_e_lower_max,6.0,targets,5,,,
containment,S3P3_C4,pcpe_e_upper_median,7.0,targets,5,,,
containment,S3P3_C4,pcpe_e_upper_min,7.0,targets,5,,,
containment,S3P3_C4,pcpe_e_upper_max,7.0,targets,5,,,
containment,S3P3_C4,pcf_e_lower_median,0.6,fraction,5,,,
containment,S3P3_C4,pcf_e_lower_min,0.6,fraction,5,,,
containment,S3P3_C4,pcf_e_lower_max,0.6,fraction,5,,,
containment,S3P3_C4,pcf_e_upper_median,0.7,fraction,5,,,
containment,S3P3_C4,pcf_e_upper_min,0.7,fraction,5,,,
containment,S3P3_C4,pcf_e_upper_max,0.7,fraction,5,,,
containment,S4_C2,pcpe_d_median,5.0,targets,5,,,
containment,S4_C2,pcpe_d_min,5.0,targets,5,,,
containment,S4_C2,pcpe_d_max,5.0,targets,5,,,
containment,S4_C2,pcf_d_median,0.5,fraction,5,,,
containment,S4_C2,pcf_d_min,0.5,fraction,5,,,
containment,S4_C2,pcf_d_max,0.5,fraction,5,,,
containment,S4_C3,pcpe_d_median,5.0,targets,5,,,
containment,S4_C3,pcpe_d_min,5.0,targets,5,,,
containment,S4_C3,pcpe_d_max,5.0,targets,5,,,
containment,S4_C3,pcf_d_median,0.5,fraction,5,,,
containment,S4_C3,pcf_d_min,0.5,fraction,5,,,
containment,S4_C3,pcf_d_max,0.5,fraction,5,,,
containment,S4_C3,pcpe_m_median,5.0,targets,5,,,
containment,S4_C3,pcpe_m_min,5.0,targets,5,,,
containment,S4_C3,pcpe_m_max,5.0,targets,5,,,
containment,S4_C3,pcf_m_median,0.5,fraction,5,,,
containment,S4_C3,pcf_m_min,0.5,fraction,5,,,
containment,S4_C3,pcf_m_max,0.5,fraction,5,,,
containment,S4_C3,pcpe_e_median,5.0,targets,5,,,
containment,S4_C3,pcpe_e_min,5.0,targets,5,,,
containment,S4_C3,pcpe_e_max,5.0,targets,5,,,
containment,S4_C3,pcf_e_median,0.5,fraction,5,,,
containment,S4_C3,pcf_e_min,0.5,fraction,5,,,
containment,S4_C3,pcf_e_max,0.5,fraction,5,,,
containment,S5_C2,pcpe_d_median,5.0,targets,3,,,
containment,S5_C2,pcpe_d_min,5.0,targets,3,,,
containment,S5_C2,pcpe_d_max,5.0,targets,3,,,
containment,S5_C2,pcf_d_median,0.5,fraction,3,,,
containment,S5_C2,pcf_d_min,0.5,fraction,3,,,
containment,S5_C2,pcf_d_max,0.5,fraction,3,,,
containment,S5_C3,pcpe_d_median,5.0,targets,5,,,
containment,S5_C3,pcpe_d_min,5.0,targets,5,,,
containment,S5_C3,pcpe_d_max,5.0,targets,5,,,
containment,S5_C3,pcf_d_median,0.5,fraction,5,,,
containment,S5_C3,pcf_d_min,0.5,fraction,5,,,
containment,S5_C3,pcf_d_max,0.5,fraction,5,,,
containment,S5_C3,pcpe_m_median,5.0,targets,5,,,
containment,S5_C3,pcpe_m_min,5.0,targets,5,,,
containment,S5_C3,pcpe_m_max,5.0,targets,5,,,
containment,S5_C3,pcf_m_median,0.5,fraction,5,,,
containment,S5_C3,pcf_m_min,0.5,fraction,5,,,
containment,S5_C3,pcf_m_max,0.5,fraction,5,,,
containment,S5_C3,pcpe_e_median,5.0,targets,5,,,
containment,S5_C3,pcpe_e_min,5.0,targets,5,,,
containment,S5_C3,pcpe_e_max,5.0,targets,5,,,
containment,S5_C3,pcf_e_median,0.5,fraction,5,,,
containment,S5_C3,pcf_e_min,0.5,fraction,5,,,
containment,S5_C3,pcf_e_max,0.5,fraction,5,,,
containment,S6A_C2,pcpe_d_median,5.0,targets,3,,,
containment,S6A_C2,pcpe_d_min,5.0,targets,3,,,
containment,S6A_C2,pcpe_d_max,5.0,targets,3,,,
containment,S6A_C2,pcf_d_median,0.8333333333333334,fraction,3,,,
containment,S6A_C2,pcf_d_min,0.8333333333333334,fraction,3,,,
containment,S6A_C2,pcf_d_max,0.8333333333333334,fraction,3,,,
containment,S6B_C2,pcpe_d_median,5.0,targets,5,,,
containment,S6B_C2,pcpe_d_min,5.0,targets,5,,,
containment,S6B_C2,pcpe_d_max,5.0,targets,5,,,
containment,S6B_C2,pcf_d_median,0.8333333333333334,fraction,5,,,
containment,S6B_C2,pcf_d_min,0.8333333333333334,fraction,5,,,
containment,S6B_C2,pcf_d_max,0.8333333333333334,fraction,5,,,
containment,S6B_C3,pcpe_d_median,5.0,targets,5,,,
containment,S6B_C3,pcpe_d_min,5.0,targets,5,,,
containment,S6B_C3,pcpe_d_max,5.0,targets,5,,,
containment,S6B_C3,pcf_d_median,0.8333333333333334,fraction,5,,,
containment,S6B_C3,pcf_d_min,0.8333333333333334,fraction,5,,,
containment,S6B_C3,pcf_d_max,0.8333333333333334,fraction,5,,,
containment,S6B_C3,pcpe_m_median,5.0,targets,5,,,
containment,S6B_C3,pcpe_m_min,5.0,targets,5,,,
containment,S6B_C3,pcpe_m_max,5.0,targets,5,,,
containment,S6B_C3,pcf_m_median,0.8333333333333334,fraction,5,,,
containment,S6B_C3,pcf_m_min,0.8333333333333334,fraction,5,,,
containment,S6B_C3,pcf_m_max,0.8333333333333334,fraction,5,,,
containment,S6B_C3,pcpe_e_median,5.0,targets,5,,,
containment,S6B_C3,pcpe_e_min,5.0,targets,5,,,
containment,S6B_C3,pcpe_e_max,5.0,targets,5,,,
containment,S6B_C3,pcf_e_median,0.8333333333333334,fraction,5,,,
containment,S6B_C3,pcf_e_min,0.8333333333333334,fraction,5,,,
containment,S6B_C3,pcf_e_max,0.8333333333333334,fraction,5,,,
containment,S7L1_C3,pcpe_d_median,181.0,targets,3,,,
containment,S7L1_C3,pcpe_d_min,57.0,targets,3,,,
containment,S7L1_C3,pcpe_d_max,241.0,targets,3,,,
containment,S7L1_C3,pcf_d_median,0.1767578125,fraction,3,,,
containment,S7L1_C3,pcf_d_min,0.0556640625,fraction,3,,,
containment,S7L1_C3,pcf_d_max,0.2353515625,fraction,3,,,
containment,S7L1_C3,pcpe_m_median,181.0,targets,3,,,
containment,S7L1_C3,pcpe_m_min,58.0,targets,3,,,
containment,S7L1_C3,pcpe_m_max,242.0,targets,3,,,
containment,S7L1_C3,pcf_m_median,0.1767578125,fraction,3,,,
containment,S7L1_C3,pcf_m_min,0.056640625,fraction,3,,,
containment,S7L1_C3,pcf_m_max,0.236328125,fraction,3,,,
containment,S7L1_C3,pcpe_e_median,181.0,targets,3,,,
containment,S7L1_C3,pcpe_e_min,58.0,targets,3,,,
containment,S7L1_C3,pcpe_e_max,242.0,targets,3,,,
containment,S7L1_C3,pcf_e_median,0.1767578125,fraction,3,,,
containment,S7L1_C3,pcf_e_min,0.056640625,fraction,3,,,
containment,S7L1_C3,pcf_e_max,0.236328125,fraction,3,,,
containment,S7L2_C3,pcpe_d_median,36.0,targets,3,,,
containment,S7L2_C3,pcpe_d_min,25.0,targets,3,,,
containment,S7L2_C3,pcpe_d_max,143.0,targets,3,,,
containment,S7L2_C3,pcf_d_median,0.009766684753119913,fraction,3,,,
containment,S7L2_C3,pcf_d_min,0.006782419967444384,fraction,3,,,
containment,S7L2_C3,pcf_d_max,0.03879544221378188,fraction,3,,,
containment,S7L2_C3,pcpe_m_median,36.0,targets,3,,,
containment,S7L2_C3,pcpe_m_min,25.0,targets,3,,,
containment,S7L2_C3,pcpe_m_max,144.0,targets,3,,,
containment,S7L2_C3,pcf_m_median,0.009766684753119913,fraction,3,,,
containment,S7L2_C3,pcf_m_min,0.006782419967444384,fraction,3,,,
containment,S7L2_C3,pcf_m_max,0.03906673901247965,fraction,3,,,
containment,S7L2_C3,pcpe_e_median,36.0,targets,3,,,
containment,S7L2_C3,pcpe_e_min,25.0,targets,3,,,
containment,S7L2_C3,pcpe_e_max,144.0,targets,3,,,
containment,S7L2_C3,pcf_e_median,0.009766684753119913,fraction,3,,,
containment,S7L2_C3,pcf_e_min,0.006782419967444384,fraction,3,,,
containment,S7L2_C3,pcf_e_max,0.03906673901247965,fraction,3,,,
containment,S7L3_C3,pcpe_d_median,77.0,targets,3,,,
containment,S7L3_C3,pcpe_d_min,69.0,targets,3,,,
containment,S7L3_C3,pcpe_d_max,131.0,targets,3,,,
containment,S7L3_C3,pcf_d_median,0.016710069444444444,fraction,3,,,
containment,S7L3_C3,pcf_d_min,0.014973958333333334,fraction,3,,,
containment,S7L3_C3,pcf_d_max,0.028428819444444444,fraction,3,,,
containment,S7L3_C3,pcpe_m_median,77.0,targets,3,,,
containment,S7L3_C3,pcpe_m_min,71.0,targets,3,,,
containment,S7L3_C3,pcpe_m_max,132.0,targets,3,,,
containment,S7L3_C3,pcf_m_median,0.016710069444444444,fraction,3,,,
containment,S7L3_C3,pcf_m_min,0.015407986111111112,fraction,3,,,
containment,S7L3_C3,pcf_m_max,0.028645833333333332,fraction,3,,,
containment,S7L3_C3,pcpe_e_median,77.0,targets,3,,,
containment,S7L3_C3,pcpe_e_min,71.0,targets,3,,,
containment,S7L3_C3,pcpe_e_max,132.0,targets,3,,,
containment,S7L3_C3,pcf_e_median,0.016710069444444444,fraction,3,,,
containment,S7L3_C3,pcf_e_min,0.015407986111111112,fraction,3,,,
containment,S7L3_C3,pcf_e_max,0.028645833333333332,fraction,3,,,
benign_impact,all_recorded_application_runs,application_success_rate,1.0,fraction,118,,,"Across all recorded MQTT, CoAP, and HTTP run-level success-rate observations"
benign_impact,S0A_C3,detected_runs,0,runs,5,,,
benign_impact,S0A_C3,mitigation_installed_runs,0,runs,5,,,
benign_impact,S0B_C3,detected_runs,0,runs,5,,,
benign_impact,S0B_C3,mitigation_installed_runs,0,runs,5,,,
benign_impact,S4_C3,coap_success_rate,1.0,fraction,5,,,Concurrent legitimate CoAP during active reconnaissance containment
resources,C0_T0,cpu_mean_percent_median,1.35221034375,percent,3,,,
resources,C0_T0,cpu_mean_percent_mean,1.4175686354166666,percent,3,,,
resources,C0_T0,temperature_mean_c_median,67.96815625,C,3,,,
resources,C0_T0,temperature_mean_c_mean,68.09497916666666,C,3,,,
resources,C0_T0,temperature_max_c_median,69.627,C,3,,,
resources,C0_T0,temperature_max_c_mean,69.95166666666667,C,3,,,
resources,C0_T1,cpu_mean_percent_median,1.43204003125,percent,3,,,
resources,C0_T1,cpu_mean_percent_mean,1.4764168229166665,percent,3,,,
resources,C0_T1,temperature_mean_c_median,67.8920625,C,3,,,
resources,C0_T1,temperature_mean_c_mean,68.00873958333332,C,3,,,
resources,C0_T1,temperature_max_c_median,70.114,C,3,,,
resources,C0_T1,temperature_max_c_mean,70.27633333333333,C,3,,,
resources,C0_T1,controller_rss_mean_kb_median,2188.0,KB,3,,,
resources,C0_T1,controller_rss_mean_kb_mean,2184.0,KB,3,,,
resources,C1,cpu_mean_percent_median,1.34534172,percent,10,,,
resources,C1,cpu_mean_percent_mean,1.4959352624864866,percent,10,,,
resources,C1,temperature_mean_c_median,68.166,C,10,,,
resources,C1,temperature_mean_c_mean,68.04064356756757,C,10,,,
resources,C1,temperature_max_c_median,69.627,C,10,,,
resources,C1,temperature_max_c_mean,69.3835,C,10,,,
resources,C1,controller_rss_mean_kb_median,2188.0,KB,10,,,
resources,C1,controller_rss_mean_kb_mean,2186.4,KB,10,,,
resources,C2,cpu_mean_percent_median,1.3916692157142858,percent,54,,,
resources,C2,cpu_mean_percent_mean,1.7042430884784985,percent,54,,,
resources,C2,temperature_mean_c_median,68.3919025210084,C,54,,,
resources,C2,temperature_mean_c_mean,68.30449269871832,C,54,,,
resources,C2,temperature_max_c_median,69.87049999999999,C,54,,,
resources,C2,temperature_max_c_mean,69.85246296296296,C,54,,,
resources,C2,controller_rss_mean_kb_median,2188.0,KB,54,,,
resources,C2,controller_rss_mean_kb_mean,2186.5185185185187,KB,54,,,
resources,C3,cpu_mean_percent_median,2.0372503396226413,percent,44,,,
resources,C3,cpu_mean_percent_mean,2.493532649934998,percent,44,,,
resources,C3,temperature_mean_c_median,68.39613581395349,C,44,,,
resources,C3,temperature_mean_c_mean,68.31855223371323,C,44,,,
resources,C3,temperature_max_c_median,70.114,C,44,,,
resources,C3,temperature_max_c_mean,69.73768181818181,C,44,,,
resources,C3,controller_rss_mean_kb_median,2188.0,KB,44,,,
resources,C3,controller_rss_mean_kb_mean,2186.4545454545455,KB,44,,,
resources,C4,cpu_mean_percent_median,3.523469557692308,percent,10,,,
resources,C4,cpu_mean_percent_mean,3.736893076923077,percent,10,,,
resources,C4,temperature_mean_c_median,68.55688157894737,C,10,,,
resources,C4,temperature_mean_c_mean,68.4200483805668,C,10,,,
resources,C4,temperature_max_c_median,69.627,C,10,,,
resources,C4,temperature_max_c_mean,69.5783,C,10,,,
resources,C4,controller_rss_mean_kb_median,2188.0,KB,10,,,
resources,C4,controller_rss_mean_kb_mean,2188.0,KB,10,,,
resources,C0_T0_vs_C0_T1_matched,telemetry_cpu_mean_difference_pp,0.05884818749999998,percentage_points,3,,,Descriptive only; n=3
state_pressure,S7L1,telemetry_insert_fail_total,0,events,3,,,
state_pressure,S7L1,map_errors_total,0,events,3,,,
state_pressure,S7L2,telemetry_insert_fail_total,0,events,3,,,
state_pressure,S7L2,map_errors_total,0,events,3,,,
state_pressure,S7L3,telemetry_insert_fail_total,1575,events,3,,,
state_pressure,S7L3,map_errors_total,1575,events,3,,,
