schedule_order,scheduled_run_id,scientific_run_id,retry_of,provenance,scenario,configuration,repetition,randomization_block,random_seed,protocol_mode,planned_probe_count,probe_interval_ms,scan_s,target_manifest,target_manifest_sha256,runtime_manifest_sha256,validation_file,validation_sha256,cleanup_sha256,provisional_completion_sha256,raw_path
1,RECON_20260908_PI_MAIN_S3P1_C2_R05,RECON_20260908_PI_MAIN_S3P1_C2_R05,,ORIGINAL_ACCEPTED,S3P1,C2,5,C2_R05_SCAN_15p0,6408354956546321736,TCP,10,1000,15.0,experiments/configs/targets/main_v1/broad_tcp_targets_main_v1.csv,d63ebaeb716d635f258d4b55ec5d5090d745dfe109335ee6aa5ea9e4d6570fdc,6150e27b3b6e2cef3f04d6b729b34f259fa6058b2897813eb3b7e4fe86af7f8b,experiments/raw/RECON_20260908_PI_MAIN_S3P1_C2_R05/main_validation_v1.json,e21ed9347d82fb42e0c28726d2624608cef5600420c52d198bf105041c2684d2,e7984b6be1f66eaa1d8297a14d22fb83baa20acb55d63406fbfbb1e625c626bc,da1c2cbf382aa52dc77d69bbd91f53714566397f1d94249f59610168198f4db3,experiments/raw/RECON_20260908_PI_MAIN_S3P1_C2_R05
2,RECON_20260908_PI_MAIN_S0B_C3_R04,RECON_20260908_PI_MAIN_S0B_C3_R04,,ORIGINAL_ACCEPTED,S0B,C3,4,STANDALONE_S0B_R04,905555721088786728,NONE,0,,24.0,experiments/configs/targets/benign_diverse_targets.csv,fc1c0d1422dfb62e60de2708821850d92b493aa6a3e188d608dca5c66e7573fc,03d93bab5c067de27bf7b994ac34eaf9ce72fd5b19e15cb701b9ca0cf0bc336a,experiments/raw/RECON_20260908_PI_MAIN_S0B_C3_R04/main_validation_v1.json,e2c0c618f3eeccb22057ca3a7f5fa6e9d34c60b663d53e0f0fa6f0d412c77a6c,4aeaababc7f6d5fc7b8602daadd183ebab10a80ed0ec279f98983b3c56fad544,14b01a71dee743e7f6b42f6db0871d60eaf097428c9b4325a962586381787b99,experiments/raw/RECON_20260908_PI_MAIN_S0B_C3_R04
3,RECON_20260908_PI_MAIN_S1_C4_R04,RECON_20260908_PI_MAIN_S1_C4_R04,,ORIGINAL_ACCEPTED,S1,C4,4,MATCHED_S1_R04,5798949736423142048,TCP,10,250,12.0,experiments/configs/targets/main_v1/broad_tcp_targets_main_v1.csv,d63ebaeb716d635f258d4b55ec5d5090d745dfe109335ee6aa5ea9e4d6570fdc,09d7474dd8a7a8f8b0549a2b3804029e721228f04306db2f6e9e04b73e80a71d,experiments/raw/RECON_20260908_PI_MAIN_S1_C4_R04/main_validation_auto_v1.json,6afd801b2bcd808856fac5e57102dee5ed6d62ffd309f4b19166ca038d3b6ef6,37488393531da409b9383a5268eb106490d59221fc2690562cf2e11834ccf69f,51005c55a26363b4c67b00aa04c9fa81743a28e3f27f3f6d0f6b49146e2f868e,experiments/raw/RECON_20260908_PI_MAIN_S1_C4_R04
4,RECON_20260908_PI_MAIN_S1_C1_R04,RECON_20260908_PI_MAIN_S1_C1_R04,,ORIGINAL_ACCEPTED,S1,C1,4,MATCHED_S1_R04,5798949736423142048,TCP,10,250,12.0,experiments/configs/targets/main_v1/broad_tcp_targets_main_v1.csv,d63ebaeb716d635f258d4b55ec5d5090d745dfe109335ee6aa5ea9e4d6570fdc,671fc0618f30e0c928164c4f02271e1ce6b613c3e729a4fcfe23add351adfb01,experiments/raw/RECON_20260908_PI_MAIN_S1_C1_R04/main_validation_auto_v1.json,e199b7041f756c0a771f630533a22e6c4509be8768da458b325a08b5c8a5645d,048ecb21e418e5f264da67cd77a66227f4e003d01fb7cc61b3048c7ba0d4d000,fd8c70d1999eadc357e04479201b836510de5cde9ba37ca1b276bf51ca10954b,experiments/raw/RECON_20260908_PI_MAIN_S1_C1_R04
5,RECON_20260908_PI_MAIN_S1_C3_R04,RECON_20260908_PI_MAIN_S1_C3_R04,,ORIGINAL_ACCEPTED,S1,C3,4,MATCHED_S1_R04,5798949736423142048,TCP,10,250,12.0,experiments/configs/targets/main_v1/broad_tcp_targets_main_v1.csv,d63ebaeb716d635f258d4b55ec5d5090d745dfe109335ee6aa5ea9e4d6570fdc,d9680fe0556b6a470810aa46ae958ac23ef466a7ca83f74ef3bbfd917d62f95c,experiments/raw/RECON_20260908_PI_MAIN_S1_C3_R04/main_validation_auto_v1.json,101f3adfe9b976987f083a9fc1dea4b3fc6b6ec149e077513c0d33704b135e14,b8ed437d0e72fa266ed0a2c06e0a78c100d0b3639cfe877d9cffa10badcce4d1,e4a81058184b1aee1ac9fb6260ab0489276827de208889b2185670ecb249ca49,experiments/raw/RECON_20260908_PI_MAIN_S1_C3_R04
6,RECON_20260908_PI_MAIN_S7L1_C3_R03,RECON_20260908_PI_MAIN_S7L1_C3_RETRY_R01,RECON_20260908_PI_MAIN_S7L1_C3_R03,RETRY_AFTER_OPERATIONAL_ENVELOPE_FAILURE,S7L1,C3,3,S7_R03,3180556381496409802,TCP,1024,1,30.0,experiments/configs/state_pressure/S7L1_targets.csv,c5f80e5428209051b7e9e1232f0d511c8570264003a27e14d36ab16cfb55d3b4,80289649f078d0505afc56fcce8f089120306bb0486b38f3af306a85b43ad80f,experiments/raw/RECON_20260908_PI_MAIN_S7L1_C3_RETRY_R01/main_validation_retry_v1.json,5a9b075c29c2cd77e96bae77083be794b8f459282e8d22623bbbf483a31b7e4a,8be6aeca6f704191a76962427a1131796e9364eff3dad83aa6fe6aff9c5f1230,aec37fcfc8a0d93fe0f5700cf5c7b969387e0592c422a000ce0de3e26757d2f3,experiments/raw/RECON_20260908_PI_MAIN_S7L1_C3_RETRY_R01
7,RECON_20260908_PI_MAIN_S7L2_C3_R03,RECON_20260908_PI_MAIN_S7L2_C3_R03,,ORIGINAL_ACCEPTED,S7L2,C3,3,S7_R03,6562799364890788796,TCP,3686,1,30.0,experiments/configs/state_pressure/S7L2_targets.csv,bb5a748410827600492951ccd3a349585da9e70ab4325d9e8b293be65ca67d9d,9330025f43079c640b6a43f580dd51251427a00251109157472465cb99a9159b,experiments/raw/RECON_20260908_PI_MAIN_S7L2_C3_R03/main_validation_auto_v1.json,0f14b6537b3458592426020d36314cce3cce49c197f1d8e805fcecd08dbddb6c,b816ca9072b7682c8020fd1d71562334e6ceb3312724c26a1d2602ecb22b41cc,d28bc4a95d0c52d4c668e654da0fcaf8d521e7ab401faf66398df1f7d9fce3c1,experiments/raw/RECON_20260908_PI_MAIN_S7L2_C3_R03
8,RECON_20260908_PI_MAIN_S7L3_C3_R03,RECON_20260908_PI_MAIN_S7L3_C3_R03,,ORIGINAL_ACCEPTED,S7L3,C3,3,S7_R03,6454612148753481789,TCP,4608,1,60.0,experiments/configs/state_pressure/S7L3_targets.csv,da2959727930459b70efa553451d65bdc69862e299b044ed450a2ad0331c50f4,e3e71b6945b31cb1456055f406776ca985c522be7c7c0fe7538fe48853e700a2,experiments/raw/RECON_20260908_PI_MAIN_S7L3_C3_R03/main_validation_auto_v1.json,7d77a680309527d159efc83ea48b667462588b8ae447cd54424091bd10e21bf0,15f5f9d4eac3f32e2b5088c0fb5b132750945d31c9bbda708e31ad79e20b2237,f443686f9e928a9de1145af18deff5a7c4e87d78eb6eb93f8d1875f6df228eb0,experiments/raw/RECON_20260908_PI_MAIN_S7L3_C3_R03
9,RECON_20260908_PI_MAIN_S4_C3_R05,RECON_20260908_PI_MAIN_S4_C3_RETRY_R01,RECON_20260908_PI_MAIN_S4_C3_R05,RETRY_AFTER_WORKLOAD_DISPATCH_FAILURE,S4,C3,5,STANDALONE_S4_R05,2842395541070670683,UDP,10,250,22.0,experiments/configs/targets/main_v1/udp_targets_main_v1.csv,4a0792073551dcee76b9f55fa797e6ba88be819349b7ec0b2b6a507533252f5c,708ecd3bb5149121140c8be28d558ecda0a57c8b383019399f38ef273f5818e7,experiments/raw/RECON_20260908_PI_MAIN_S4_C3_RETRY_R01/main_validation_retry_v1.json,5014792578d6ed9b9644ae93744b11fbc7b53bf8f1f13bcc54550047d9fb2c2f,16c5dc6081a524e285fcf6edf32f94a749aaa33ecd8bb9d4a0fb3ef0ea1f2798,8fa6dbd73d3b0350505949a402c20a2c38d48c3956e0c9e24b9ccced33a88976,experiments/raw/RECON_20260908_PI_MAIN_S4_C3_RETRY_R01
10,RECON_20260908_PI_MAIN_S3P3_C1_R04,RECON_20260908_PI_MAIN_S3P3_C1_R04,,ORIGINAL_ACCEPTED,S3P3,C1,4,MATCHED_S3P3_R04,1551295374371345389,TCP,10,2000,24.0,experiments/configs/targets/main_v1/broad_tcp_targets_main_v1.csv,d63ebaeb716d635f258d4b55ec5d5090d745dfe109335ee6aa5ea9e4d6570fdc,84ebd169735dbe63a246a0a1c149ba06dada8b75ac9f8b312398fa40f2def032,experiments/raw/RECON_20260908_PI_MAIN_S3P3_C1_R04/main_validation_auto_v1.json,5da38f0462f9d0c479b6d16f3be8dbaf77be3ccfa4009e50818bfb25005ad37f,539bbbc0872608197b7fccc5430945e077982c774250e71a795a2bc9f55f830c,f5a5a0300f23fd0e6704b75626918dd3ee94484c4aea1f347bb4e10f0e4c01b6,experiments/raw/RECON_20260908_PI_MAIN_S3P3_C1_R04
11,RECON_20260908_PI_MAIN_S3P3_C3_R04,RECON_20260908_PI_MAIN_S3P3_C3_R04,,ORIGINAL_ACCEPTED,S3P3,C3,4,MATCHED_S3P3_R04,1551295374371345389,TCP,10,2000,24.0,experiments/configs/targets/main_v1/broad_tcp_targets_main_v1.csv,d63ebaeb716d635f258d4b55ec5d5090d745dfe109335ee6aa5ea9e4d6570fdc,a56881132acd243c2cb994dcd4e86dff51ea48cbebd3efd1ad5f2a98c50de85b,experiments/raw/RECON_20260908_PI_MAIN_S3P3_C3_R04/main_validation_auto_v1.json,5ba156929162c5467d40675444ce31131dad561b6aa01c19c42ab11afeb0dcd7,841edd2bb278442eddd1d2968e357cbf5f785b7a52bdeba2113750d9a36cff83,ba8b94a00aba7d625a706bffc7b5d299f0d0f22f1f64c301e2035a7ca03e003d,experiments/raw/RECON_20260908_PI_MAIN_S3P3_C3_R04
12,RECON_20260908_PI_MAIN_S3P3_C4_R04,RECON_20260908_PI_MAIN_S3P3_C4_R04,,ORIGINAL_ACCEPTED,S3P3,C4,4,MATCHED_S3P3_R04,1551295374371345389,TCP,10,2000,24.0,experiments/configs/targets/main_v1/broad_tcp_targets_main_v1.csv,d63ebaeb716d635f258d4b55ec5d5090d745dfe109335ee6aa5ea9e4d6570fdc,8e0e55690452d54be25924ae12f7e29fe9c24be9df4305d020cb504f61290486,experiments/raw/RECON_20260908_PI_MAIN_S3P3_C4_R04/main_validation_auto_v1.json,d27919220ccf8c110d08ee71ff06f1caf99db3e3d580cae0a3f12bac88b68f57,d88839acb7ce7f3634d6356886730d3251eb692f34d57fee868fbdf9d96c8725,1b195df972cc9009eb5dfdaa80ec60bb7053950b2ac3e4b023e5542229d3f469,experiments/raw/RECON_20260908_PI_MAIN_S3P3_C4_R04
13,RECON_20260908_PI_MAIN_S3P1_C2_R02,RECON_20260908_PI_MAIN_S3P1_C2_R02,,ORIGINAL_ACCEPTED,S3P1,C2,2,C2_R02_SCAN_15p0,1936718994383941160,TCP,10,1000,15.0,experiments/configs/targets/main_v1/broad_tcp_targets_main_v1.csv,d63ebaeb716d635f258d4b55ec5d5090d745dfe109335ee6aa5ea9e4d6570fdc,226fce9ab2d9c2b6238b8dace3c974cff400b627883128cbae75b5000e4e4f29,experiments/raw/RECON_20260908_PI_MAIN_S3P1_C2_R02/main_validation_auto_v1.json,ab4eddae51b76dbde67da7c24e7a9ba1d9a90cf6447ce93029e6fd464e856c34,80247ff49a7c6309d5a4b97b974dcb37bdab3c065f24a8720e8b32661d4ea6cd,4cde2b26ef9e40282adf13407dea07f8967cea85d22d46da2a1e5d26293a0344,experiments/raw/RECON_20260908_PI_MAIN_S3P1_C2_R02
14,RECON_20260908_PI_MAIN_S5_C3_R01,RECON_20260908_PI_MAIN_S5_C3_R01,,ORIGINAL_ACCEPTED,S5,C3,1,STANDALONE_S5_R01,4257560775669015479,MIXED,10,500,12.0,experiments/configs/targets/main_v1/mixed_targets_main_v1.csv,e4dbf91f6db4c46c41d12c5319e6b72824cfe2d33b2396433c28191b2a54fa39,c8b4875b16afa149e7d6af9b284a94170e34b020aa6ee93d389130f8c7fc9fa3,experiments/raw/RECON_20260908_PI_MAIN_S5_C3_R01/main_validation_auto_v1.json,83a8d2bf2240a44f85baacb3e7baaca189e317f0fa779bc877f189004f99954e,784e38907ce466c197d3bec42eeb80a28d3a2cbf087a40ae7aa9aea3937f188b,3915c465e18d56a91ca02517060382d073bf85064009ba729b4aa6d2605ce0cd,experiments/raw/RECON_20260908_PI_MAIN_S5_C3_R01
15,RECON_20260908_PI_MAIN_S6B_C3_R02,RECON_20260908_PI_MAIN_S6B_C3_R02,,ORIGINAL_ACCEPTED,S6B,C3,2,STANDALONE_S6B_R02,5715867056632763172,MIXED,6,1000,40.0,experiments/configs/targets/main_v1/targeted_iot_targets_main_v1.csv,01064296f84cc5661e551ef2de74699f1705c5b0783ebc71751f34aafc33de1b,5584dba44bebd64d7855089ed5018fc195f2fd30aa35b9b11291b17835677f2b,experiments/raw/RECON_20260908_PI_MAIN_S6B_C3_R02/main_validation_auto_v1.json,0343be6b889ac0d01ff705d088b7318c53b9e051c61c74005b44162852345226,625d235fd969ec66c27dfb8aa08c6a92c8dc97d7af84936b0481558b965e2b48,2d2364409554adb037123aff3d9f994f277cf840a516e0f77638962140e856a6,experiments/raw/RECON_20260908_PI_MAIN_S6B_C3_R02
16,RECON_20260908_PI_MAIN_S3P3_C2_R02,RECON_20260908_PI_MAIN_S3P3_C2_R02,,ORIGINAL_ACCEPTED,S3P3,C2,2,C2_R02_SCAN_24p0,6738418808919608595,TCP,10,2000,24.0,experiments/configs/targets/main_v1/broad_tcp_targets_main_v1.csv,d63ebaeb716d635f258d4b55ec5d5090d745dfe109335ee6aa5ea9e4d6570fdc,af41d192df3a2fded31179bee0cb0fe8d05515f346e4279c2247f237d923b44f,experiments/raw/RECON_20260908_PI_MAIN_S3P3_C2_R02/main_validation_auto_v1.json,d0f61721d3e6f9969979e23dde63ac34ba76ee85784a5c74257c4456894697b6,69680b390861a352f66aff3b0604ab43d4ac45527e9a0496420223bb1b123487,47a30e32440f4a143d30f6981adb87807358c469b3860a414db13a2bfc7eaefe,experiments/raw/RECON_20260908_PI_MAIN_S3P3_C2_R02
17,RECON_20260908_PI_MAIN_S0B_C2_R02,RECON_20260908_PI_MAIN_S0B_C2_R02,,ORIGINAL_ACCEPTED,S0B,C2,2,C2_R02_SCAN_24p0,4633709477230165348,NONE,0,,24.0,experiments/configs/targets/benign_diverse_targets.csv,fc1c0d1422dfb62e60de2708821850d92b493aa6a3e188d608dca5c66e7573fc,7be5037cd72a09e99315a7c3077fcfdcda70287983c2b146aab685fa5536f6cf,experiments/raw/RECON_20260908_PI_MAIN_S0B_C2_R02/main_validation_auto_v1.json,7322b645467f80c3801e69f8ba0eae2ca36e1b5c31c5277289c2353f65135e91,f06236625972c2588450acd974ed06a20c174a5719f71e03b139b6dbdd7f088f,d9a62e008769f36b5507dbaaf46d8b23707bfc75607d50d0c458a4c5cf7ade11,experiments/raw/RECON_20260908_PI_MAIN_S0B_C2_R02
18,RECON_20260908_PI_MAIN_S5_C3_R05,RECON_20260908_PI_MAIN_S5_C3_R05,,ORIGINAL_ACCEPTED,S5,C3,5,STANDALONE_S5_R05,2719412300119822773,MIXED,10,500,12.0,experiments/configs/targets/main_v1/mixed_targets_main_v1.csv,e4dbf91f6db4c46c41d12c5319e6b72824cfe2d33b2396433c28191b2a54fa39,0590f9ff2109057f2dd6ec1285762da2a3dd29f79ae2062df6ee050c3d8ef959,experiments/raw/RECON_20260908_PI_MAIN_S5_C3_R05/main_validation_auto_v1.json,9aa081e9365fc477ab8a915abda4d56763e27596ce3032d79ef8b6805d41fe6c,e4bea0584707dea93e98a207680418acb3d4cc4eb9d2289d44f4b5ba56a7e46a,08107413ff906fa53429f97448f0cc23b49cd632bd09d997de618b586f5f5cac,experiments/raw/RECON_20260908_PI_MAIN_S5_C3_R05
19,RECON_20260908_PI_MAIN_S1_C3_R05,RECON_20260908_PI_MAIN_S1_C3_R05,,ORIGINAL_ACCEPTED,S1,C3,5,MATCHED_S1_R05,3550170336778609794,TCP,10,250,12.0,experiments/configs/targets/main_v1/broad_tcp_targets_main_v1.csv,d63ebaeb716d635f258d4b55ec5d5090d745dfe109335ee6aa5ea9e4d6570fdc,4976d924f4ec6e8604b2a9bb1125f5c4c936d3a96bc5b41c522023de84e30a12,experiments/raw/RECON_20260908_PI_MAIN_S1_C3_R05/main_validation_auto_v1.json,3e5fdc1dbfac06fbbbe23208f537ae1d9d462f23118d8f23ed2e7ff1d3afe21b,03f92de8da86585960939862905daad7059c694664bd8dd9da862a6b3cc88971,6a46448cc7d148cf999e32ca51d6fe6c394af408aa74f602a6ad22987c6c6b34,experiments/raw/RECON_20260908_PI_MAIN_S1_C3_R05
20,RECON_20260908_PI_MAIN_S1_C4_R05,RECON_20260908_PI_MAIN_S1_C4_R05,,ORIGINAL_ACCEPTED,S1,C4,5,MATCHED_S1_R05,3550170336778609794,TCP,10,250,12.0,experiments/configs/targets/main_v1/broad_tcp_targets_main_v1.csv,d63ebaeb716d635f258d4b55ec5d5090d745dfe109335ee6aa5ea9e4d6570fdc,e1f21c12c7d3e8c04b346b2a986f6bfdf88bbeb69a0bb0c5d1a33cecc5198260,experiments/raw/RECON_20260908_PI_MAIN_S1_C4_R05/main_validation_auto_v1.json,f10ea10e18239c602b56a7929407b20342faf5e33b297d16138daa9623e284b1,afeb58aae6c6191d3f1248366cca193a47ebcc538b512e44adc99b8db8d9575e,d0ebbb325b59a6115e0b5d64fc94e43f7e8ddf52f99b9efbd517f08b1b5b34e9,experiments/raw/RECON_20260908_PI_MAIN_S1_C4_R05
21,RECON_20260908_PI_MAIN_S1_C1_R05,RECON_20260908_PI_MAIN_S1_C1_R05,,ORIGINAL_ACCEPTED,S1,C1,5,MATCHED_S1_R05,3550170336778609794,TCP,10,250,12.0,experiments/configs/targets/main_v1/broad_tcp_targets_main_v1.csv,d63ebaeb716d635f258d4b55ec5d5090d745dfe109335ee6aa5ea9e4d6570fdc,c31c6ed55f2152bec5855bd7eb1dd8e0259b7a4472f97675c2225b4cf5158f0e,experiments/raw/RECON_20260908_PI_MAIN_S1_C1_R05/main_validation_auto_v1.json,fee7b0d18d2f94ffa997fd6572e5b5b90ae6c2b0508848ce494fd72c9c58d551,c8a195e1ff124faaa6c6dfe8ba81828f147b20fd9f4683be50aff6a0dbdb1908,199b39daa1aea3eba8db8d373445483460fc13ff8207571bf136e819f613c323,experiments/raw/RECON_20260908_PI_MAIN_S1_C1_R05
22,RECON_20260908_PI_MAIN_S4_C2_R04,RECON_20260908_PI_MAIN_S4_C2_R04,,ORIGINAL_ACCEPTED,S4,C2,4,C2_R04_SCAN_22p0,2244168523270381401,UDP,10,250,22.0,experiments/configs/targets/main_v1/udp_targets_main_v1.csv,4a0792073551dcee76b9f55fa797e6ba88be819349b7ec0b2b6a507533252f5c,69e8e3bf1bb3701fb8b978e0173b1aea152fa791f99ae16f1aca9ecc8c4b78dc,experiments/raw/RECON_20260908_PI_MAIN_S4_C2_R04/main_validation_auto_v1.json,73da6662a68f2209a394a775d19b6f8f80932bba1a7b4a9e8f8f1961c8d03905,366314ef041e019a94bc964a4f561c73cebfec0e8a833ad87f69ecf26d5b5d23,82cd361fc76f140fb8de9fa50b596c2b0cadce548f70df8f8d12d720415b6ac3,experiments/raw/RECON_20260908_PI_MAIN_S4_C2_R04
23,RECON_20260908_PI_MAIN_S0A_C2_R04,RECON_20260908_PI_MAIN_S0A_C2_R04,,ORIGINAL_ACCEPTED,S0A,C2,4,C2_R04_SCAN_22p0,7595065002470426767,NONE,0,,22.0,experiments/configs/targets/main_v1/broad_tcp_targets_main_v1.csv,d63ebaeb716d635f258d4b55ec5d5090d745dfe109335ee6aa5ea9e4d6570fdc,10f6ff363ebf837f98efefacd31c59c0a192e07643f333d767ee3d4be2a7ed63,experiments/raw/RECON_20260908_PI_MAIN_S0A_C2_R04/main_validation_auto_v1.json,a4ca4d057b6de0757a058800e7392500378cba97ef27e8722ce82b2ac7ce62a4,54875252bb7f113ea2f3ca4d221035d969ca4164674331c94aa8cf9c9f283241,4d1420f8c3323f831718e0991b82ccd0921f6f1a1333cd93fd0b8d63803af9b8,experiments/raw/RECON_20260908_PI_MAIN_S0A_C2_R04
24,RECON_20260908_PI_MAIN_S0B_C3_R02,RECON_20260908_PI_MAIN_S0B_C3_R02,,ORIGINAL_ACCEPTED,S0B,C3,2,STANDALONE_S0B_R02,4633709477230165348,NONE,0,,24.0,experiments/configs/targets/benign_diverse_targets.csv,fc1c0d1422dfb62e60de2708821850d92b493aa6a3e188d608dca5c66e7573fc,f0e71361a6be14f4489d9c1e5b41f6612e84cad9935b7eb74ba0d9dd1d5ecf33,experiments/raw/RECON_20260908_PI_MAIN_S0B_C3_R02/main_validation_auto_v1.json,82b8089efb9636a498a3a4ddf5e0dd96640cc539f985c63c8dffd78955bb440c,79f471a0397ec0a86ae004564d299209b8f333bf1aa02654ff96d34a6a198ce8,657d27dc5c1c886e7fe0ab94a952b1533352d9f3f975ab4b2801dc8c1d2aaf8a,experiments/raw/RECON_20260908_PI_MAIN_S0B_C3_R02
25,RECON_20260908_PI_MAIN_S0A_C0_T1_R01,RECON_20260908_PI_MAIN_S0A_C0_T1_R01,,ORIGINAL_ACCEPTED,S0A,C0_T1,1,OVERHEAD_R01,530759494310193868,NONE,0,,22.0,experiments/configs/targets/main_v1/broad_tcp_targets_main_v1.csv,d63ebaeb716d635f258d4b55ec5d5090d745dfe109335ee6aa5ea9e4d6570fdc,02073651f37c9e1bb004351b2ee6412f2c3a8b6cdcf1abfcb2c94dde26390232,experiments/raw/RECON_20260908_PI_MAIN_S0A_C0_T1_R01/main_validation_auto_v1.json,4d2ca6c3dc6ffbde005f40536272943c14e91c93e4023a064ac529074d4040d2,f62828555ce25aef2da9781d410b482dd9881adf12d19f297547c5c6ddeecaad,597dac8ed426320119fab199d95545856f452c7f6678e95b7b4bbc948e4811a9,experiments/raw/RECON_20260908_PI_MAIN_S0A_C0_T1_R01
26,RECON_20260908_PI_MAIN_S0A_C0_T0_R01,RECON_20260908_PI_MAIN_S0A_C0_T0_R01,,ORIGINAL_ACCEPTED,S0A,C0_T0,1,OVERHEAD_R01,530759494310193868,NONE,0,,22.0,experiments/configs/targets/main_v1/broad_tcp_targets_main_v1.csv,d63ebaeb716d635f258d4b55ec5d5090d745dfe109335ee6aa5ea9e4d6570fdc,80d9fd47377153da8e2e0c47cb6b6e080e072cfb61f022edb8a98a0ff39b3711,experiments/raw/RECON_20260908_PI_MAIN_S0A_C0_T0_R01/main_validation_auto_v1.json,b8b21b7a19fb30f236333b830f27dadf39727edbfe8d95f5129235a0cdaa03bc,831e85cef71857ed59baa3f3eaed7c25b5886425cf4d397a6eca6e796cfe0562,771eeb699a3bda295363ad2baf3852118dd7f4a26eca8e49a4d7d39d672e0ee9,experiments/raw/RECON_20260908_PI_MAIN_S0A_C0_T0_R01
27,RECON_20260908_PI_MAIN_S3P1_C2_R01,RECON_20260908_PI_MAIN_S3P1_C2_R01,,ORIGINAL_ACCEPTED,S3P1,C2,1,C2_R01_SCAN_15p0,2798965368270370390,TCP,10,1000,15.0,experiments/configs/targets/main_v1/broad_tcp_targets_main_v1.csv,d63ebaeb716d635f258d4b55ec5d5090d745dfe109335ee6aa5ea9e4d6570fdc,8a2a28bc9c63491f91b56a24ef1ab4fe39e450eea5d7cfa25daec0f05e807dfc,experiments/raw/RECON_20260908_PI_MAIN_S3P1_C2_R01/main_validation_auto_v1.json,1f0525d56ac56fb6805b4643cc346c1b8d90d4e79e4d533ae5d088a6b43fb49f,11f277eacf554100db704be0b38fb9a52627dc2f2f87751c73327c93691a49b5,2e71ce18e7ccebf924d81eb492d2909a0cf551af3fa12a79bfd46182c40ef291,experiments/raw/RECON_20260908_PI_MAIN_S3P1_C2_R01
28,RECON_20260908_PI_MAIN_S5_C3_R03,RECON_20260908_PI_MAIN_S5_C3_R03,,ORIGINAL_ACCEPTED,S5,C3,3,STANDALONE_S5_R03,5593754172359340609,MIXED,10,500,12.0,experiments/configs/targets/main_v1/mixed_targets_main_v1.csv,e4dbf91f6db4c46c41d12c5319e6b72824cfe2d33b2396433c28191b2a54fa39,c16ee5031dc3d8e77597d35c12b1d673d3344161bb11d32cb067e7e3641c4207,experiments/raw/RECON_20260908_PI_MAIN_S5_C3_R03/main_validation_auto_v1.json,54605e2f2e63568e4d0b11e451b9754707361b5223f5b922e02b444109284039,4cd5f6d25432f855a0037006d43017671e316b60e10761e7da4a0401bee1aea3,46edc2dc3dfef20682f2aa2f45311e62859ce62eb1e74f88b9322cf03ac40065,experiments/raw/RECON_20260908_PI_MAIN_S5_C3_R03
29,RECON_20260908_PI_MAIN_S2_C2_R01,RECON_20260908_PI_MAIN_S2_C2_R01,,ORIGINAL_ACCEPTED,S2,C2,1,C2_R01_SCAN_12p0,2104045051948496701,TCP,10,500,12.0,experiments/configs/targets/main_v1/broad_tcp_targets_main_v1.csv,d63ebaeb716d635f258d4b55ec5d5090d745dfe109335ee6aa5ea9e4d6570fdc,a47e16b85bc329d803a472faf1c45f7ac4bf3b8d67631b15fd9595759a6b6237,experiments/raw/RECON_20260908_PI_MAIN_S2_C2_R01/main_validation_auto_v1.json,75842e145e35e91d4e36717cd135a68ebe400534e800ed747fc0e0aae9f5254b,9b4d1ccc53b760986847941f811893bc1eab310415a4576d434c7061bef8cfec,860729a7a2b761627588be64e6707216bba15a5772a76c5f1777bbf58d4ace6b,experiments/raw/RECON_20260908_PI_MAIN_S2_C2_R01
30,RECON_20260908_PI_MAIN_S5_C2_R01,RECON_20260908_PI_MAIN_S5_C2_R01,,ORIGINAL_ACCEPTED,S5,C2,1,C2_R01_SCAN_12p0,4257560775669015479,MIXED,10,500,12.0,experiments/configs/targets/main_v1/mixed_targets_main_v1.csv,e4dbf91f6db4c46c41d12c5319e6b72824cfe2d33b2396433c28191b2a54fa39,4b0bc87069dfaf17a585f1b1b03f4a83957c00a71644578a1f8bd29e7e3e8690,experiments/raw/RECON_20260908_PI_MAIN_S5_C2_R01/main_validation_auto_v1.json,ddd5d801d23f730fd89e0c44f904edef97d56bce952451244cc9b0ce21f6d82d,eab09c3e36a58ed80634804deb395f92006c724047dae6f8143cffe172b5ed84,92ee3b06e0490980db7803fdaf92bce4b0427b62434999b6ed55e28ff41e7fec,experiments/raw/RECON_20260908_PI_MAIN_S5_C2_R01
31,RECON_20260908_PI_MAIN_S6A_C2_R01,RECON_20260908_PI_MAIN_S6A_C2_R01,,ORIGINAL_ACCEPTED,S6A,C2,1,C2_R01_SCAN_12p0,1253655163929388384,MIXED,6,250,12.0,experiments/configs/targets/main_v1/targeted_iot_targets_main_v1.csv,01064296f84cc5661e551ef2de74699f1705c5b0783ebc71751f34aafc33de1b,075eff6bad4fd0637b647ccb8a3f1171a3aa153182249b901ebf8de3b5ec7041,experiments/raw/RECON_20260908_PI_MAIN_S6A_C2_R01/main_validation_auto_v1.json,77c5057bde76aca43f7943548743d4db0cb22a5df3e382ee6644d5ff56400a29,942896d1ab85b675247449e5da7a518b5781b586e1ef2e95da819be8883538ee,f025ec48ef1d6df4a4a85cffef2e7e2619ed409e27faa19e5f2f62a991686189,experiments/raw/RECON_20260908_PI_MAIN_S6A_C2_R01
32,RECON_20260908_PI_MAIN_S1_C2_R01,RECON_20260908_PI_MAIN_S1_C2_R01,,ORIGINAL_ACCEPTED,S1,C2,1,C2_R01_SCAN_12p0,3635626954574171177,TCP,10,250,12.0,experiments/configs/targets/main_v1/broad_tcp_targets_main_v1.csv,d63ebaeb716d635f258d4b55ec5d5090d745dfe109335ee6aa5ea9e4d6570fdc,77c2fbc38b276c902f0de1cfbcb298e19661c3c648d54a948ac4e3db077c0323,experiments/raw/RECON_20260908_PI_MAIN_S1_C2_R01/main_validation_auto_v1.json,1556070ecfa3cd383abef073ca5e0fd78527107c46cd49a1614da494ec54d97b,477d1fe477092f870ac8a94528be41bb5210c05cb626be1d784748207e890b11,5b02f87327ce4261b8c67cdd7ef7b39db38d0a70f89a266cca8d5652e3ecaf01,experiments/raw/RECON_20260908_PI_MAIN_S1_C2_R01
33,RECON_20260908_PI_MAIN_S0A_C3_R03,RECON_20260908_PI_MAIN_S0A_C3_R03,,ORIGINAL_ACCEPTED,S0A,C3,3,STANDALONE_S0A_R03,4944253455966496160,NONE,0,,22.0,experiments/configs/targets/main_v1/broad_tcp_targets_main_v1.csv,d63ebaeb716d635f258d4b55ec5d5090d745dfe109335ee6aa5ea9e4d6570fdc,711b8947fe084f0cfa699f4bb029e856477445a11d4ffddd5fcc1d0cb1ba5232,experiments/raw/RECON_20260908_PI_MAIN_S0A_C3_R03/main_validation_auto_v1.json,b48a8a4b2ca614b51ea4f73d78416b9d5a09d5e79f852b3f952881f6faf23c15,006c34b73a978231d71d4595d454c40c32c959f73f0e5c50691cd76c38bb962c,ac3d66e10eaa61f4c62c537a2d70527669f814d2aee95fd4eace917f9da0ff76,experiments/raw/RECON_20260908_PI_MAIN_S0A_C3_R03
34,RECON_20260908_PI_MAIN_S3P2_C2_R05,RECON_20260908_PI_MAIN_S3P2_C2_R05,,ORIGINAL_ACCEPTED,S3P2,C2,5,C2_R05_SCAN_21p0,6062656924788657520,TCP,10,1600,21.0,experiments/configs/targets/main_v1/broad_tcp_targets_main_v1.csv,d63ebaeb716d635f258d4b55ec5d5090d745dfe109335ee6aa5ea9e4d6570fdc,54c35caffd69d6e1592ef057657cb6ad9a589fa362a6f50bc8f26970dddd1077,experiments/raw/RECON_20260908_PI_MAIN_S3P2_C2_R05/main_validation_auto_v1.json,8616dd8cfd91f28a8f30b6091e8b3f267686aea0820ffb3b9b88f7be5fb6be3c,317c703761d3e3f3c08afeb76e6935246c8d7e1c436912b3d8d5dc4c5e0b91a4,4febcc8c71703bfbe0fde68471f1de5e089aa83c56702c47cb65c89d5011f849,experiments/raw/RECON_20260908_PI_MAIN_S3P2_C2_R05
35,RECON_20260908_PI_MAIN_S3P3_C1_R03,RECON_20260908_PI_MAIN_S3P3_C1_R03,,ORIGINAL_ACCEPTED,S3P3,C1,3,MATCHED_S3P3_R03,7463260774621527860,TCP,10,2000,24.0,experiments/configs/targets/main_v1/broad_tcp_targets_main_v1.csv,d63ebaeb716d635f258d4b55ec5d5090d745dfe109335ee6aa5ea9e4d6570fdc,dff1676490e5bb28d540e71cc1149789e19bef3c991f508a15485dfea9a85f0b,experiments/raw/RECON_20260908_PI_MAIN_S3P3_C1_R03/main_validation_auto_v1.json,1a2c00fb1764ef39d25395b35e60f7af09b930d032de7cbf69ff361d079159b8,d2c9b46451a25a8735527dd27f0cc1774fbb1e938c76ff43b475bb4c597afba1,39290d09f666ab7496506bb1839f0fac701bfdc22dd47891790698c055a94437,experiments/raw/RECON_20260908_PI_MAIN_S3P3_C1_R03
36,RECON_20260908_PI_MAIN_S3P3_C4_R03,RECON_20260908_PI_MAIN_S3P3_C4_R03,,ORIGINAL_ACCEPTED,S3P3,C4,3,MATCHED_S3P3_R03,7463260774621527860,TCP,10,2000,24.0,experiments/configs/targets/main_v1/broad_tcp_targets_main_v1.csv,d63ebaeb716d635f258d4b55ec5d5090d745dfe109335ee6aa5ea9e4d6570fdc,e3f67adb3d5bd2badfdcf8434b8d10f079bfb673febdef4bff71bd8fb5813c21,experiments/raw/RECON_20260908_PI_MAIN_S3P3_C4_R03/main_validation_auto_v1.json,793cc667770fcb185adbb785d127f8a60a0c69b801637c4b8b83aefa935895fc,b171fa27252ad5e3094c2a058b606ae74a0d0cf433a90a7e66de1d6fa727b038,b399cb75a2cdfa75887b996423bb2927141f0476d6e7aa0a19dce11361172a62,experiments/raw/RECON_20260908_PI_MAIN_S3P3_C4_R03
37,RECON_20260908_PI_MAIN_S3P3_C3_R03,RECON_20260908_PI_MAIN_S3P3_C3_R03,,ORIGINAL_ACCEPTED,S3P3,C3,3,MATCHED_S3P3_R03,7463260774621527860,TCP,10,2000,24.0,experiments/configs/targets/main_v1/broad_tcp_targets_main_v1.csv,d63ebaeb716d635f258d4b55ec5d5090d745dfe109335ee6aa5ea9e4d6570fdc,c52022cd0a769ddf3874245d0a47aa6ec0cdf66c97da1ce0977a96f2010c6d7a,experiments/raw/RECON_20260908_PI_MAIN_S3P3_C3_R03/main_validation_auto_v1.json,82ecb163d63c9b0b527ba8ff9ede1250ea5f148099ec836eb326e0135edde022,25a1cae02a9c8bf1d60ecdf76745656d163b410a48752a6ee10c3e5bd62b1fb4,4ddb227e68909ed26fddf87c13bc576f6ba448da0a8e03515024eceb8711d0fe,experiments/raw/RECON_20260908_PI_MAIN_S3P3_C3_R03
38,RECON_20260908_PI_MAIN_S5_C3_R02,RECON_20260908_PI_MAIN_S5_C3_R02,,ORIGINAL_ACCEPTED,S5,C3,2,STANDALONE_S5_R02,1408569544597438266,MIXED,10,500,12.0,experiments/configs/targets/main_v1/mixed_targets_main_v1.csv,e4dbf91f6db4c46c41d12c5319e6b72824cfe2d33b2396433c28191b2a54fa39,c0c54047f02eb0f1912fe783aebcfb864d4b2392442ac65e3f6fc7db6389f68e,experiments/raw/RECON_20260908_PI_MAIN_S5_C3_R02/main_validation_auto_v1.json,f413e6e0a5922f65c021d58faad57f1967cc4395e4b4e79a9580cd8dcc7f4b08,de083f696c1952b39bdc22336ecc8ccb6335b22b2fadc5f1f4002196f2d4d9db,a2bebfd723d7a2103abf0efb9c8149a9037a13f2f3c36e3c64a4592e64738501,experiments/raw/RECON_20260908_PI_MAIN_S5_C3_R02
39,RECON_20260908_PI_MAIN_S7L1_C3_R01,RECON_20260908_PI_MAIN_S7L1_C3_R01,,ORIGINAL_ACCEPTED,S7L1,C3,1,S7_R01,8338762420351946514,TCP,1024,1,30.0,experiments/configs/state_pressure/S7L1_targets.csv,c5f80e5428209051b7e9e1232f0d511c8570264003a27e14d36ab16cfb55d3b4,f716950dc3babe75b08a13b92d0c8795d82edb6edffd6716d308f7f8323b45da,experiments/raw/RECON_20260908_PI_MAIN_S7L1_C3_R01/main_validation_auto_v1.json,d1260df242c20c5a3c162bc540b71d32ff9296f87e3930c0af6fa15efca2cefc,5738cf042bdf1b9dc57e9cb39e1a546d09fdccb415a7f7e8544ffe2a2de5d999,dd5959dce36d994dc99462156266f4cc5441043bdb201d62c1903d782a34f561,experiments/raw/RECON_20260908_PI_MAIN_S7L1_C3_R01
40,RECON_20260908_PI_MAIN_S7L2_C3_R01,RECON_20260908_PI_MAIN_S7L2_C3_R01,,ORIGINAL_ACCEPTED,S7L2,C3,1,S7_R01,8947819388815201150,TCP,3686,1,30.0,experiments/configs/state_pressure/S7L2_targets.csv,bb5a748410827600492951ccd3a349585da9e70ab4325d9e8b293be65ca67d9d,d12baad0139232eff8043ac708d98d5374b8aa157380f2ce3bd732882504bc0d,experiments/raw/RECON_20260908_PI_MAIN_S7L2_C3_R01/main_validation_auto_v1.json,aa2a4f1b483969c6914b418858efe794f1ebb15c802969d28b3a598a3beb4298,8c482db174c4a4a963b898164c95f4d4a948d3b65c3c3c909b2dc76e8c80769f,2a9eaf662861b99ec999f1ee685ac9f61eead764a0f426d84e82f5a0cf2b1513,experiments/raw/RECON_20260908_PI_MAIN_S7L2_C3_R01
41,RECON_20260908_PI_MAIN_S7L3_C3_R01,RECON_20260908_PI_MAIN_S7L3_C3_R01,,ORIGINAL_ACCEPTED,S7L3,C3,1,S7_R01,8885452207261461384,TCP,4608,1,60.0,experiments/configs/state_pressure/S7L3_targets.csv,da2959727930459b70efa553451d65bdc69862e299b044ed450a2ad0331c50f4,d02bb1895faaab78b35299a3fc104478a5b75fd375ad61813cdfc291a2e55675,experiments/raw/RECON_20260908_PI_MAIN_S7L3_C3_R01/main_validation_auto_v1.json,d8f568ab89f71fd4f21db350f6fe0a206b0f328215261e07448f2408085d813c,4e1214793a4b041a6f15cf7fc92bf58b3a8271b855714893b9a0115a562611fc,94c662b8cb0d01a715c994a7cd78fe029f078e9415c7e906f87f82c71a5a1f01,experiments/raw/RECON_20260908_PI_MAIN_S7L3_C3_R01
42,RECON_20260908_PI_MAIN_S1_C2_R05,RECON_20260908_PI_MAIN_S1_C2_R05,,ORIGINAL_ACCEPTED,S1,C2,5,C2_R05_SCAN_12p0,3550170336778609794,TCP,10,250,12.0,experiments/configs/targets/main_v1/broad_tcp_targets_main_v1.csv,d63ebaeb716d635f258d4b55ec5d5090d745dfe109335ee6aa5ea9e4d6570fdc,a69d9dbc88d75d44ace3354010e7759d2b021bf8759b4042b4ece776a9b3809e,experiments/raw/RECON_20260908_PI_MAIN_S1_C2_R05/main_validation_auto_v1.json,af28a7d2b754821c8017c100fec987b28b350f67c872f2beeeaf67f11a2931ac,2630922b6933de4254eab627a6599226e16bd3330309b0c0d2453544f55cc411,08e10791e5dd46d028d0c80fce4d751e5cac30ed44d559a6173ed59c01357546,experiments/raw/RECON_20260908_PI_MAIN_S1_C2_R05
43,RECON_20260908_PI_MAIN_S3P1_C2_R04,RECON_20260908_PI_MAIN_S3P1_C2_R04,,ORIGINAL_ACCEPTED,S3P1,C2,4,C2_R04_SCAN_15p0,5901652790327770974,TCP,10,1000,15.0,experiments/configs/targets/main_v1/broad_tcp_targets_main_v1.csv,d63ebaeb716d635f258d4b55ec5d5090d745dfe109335ee6aa5ea9e4d6570fdc,e24c357c3455bbe42d7fc4392d8106b9f2f2f766177f09c3c4708062e9e67107,experiments/raw/RECON_20260908_PI_MAIN_S3P1_C2_R04/main_validation_auto_v1.json,73bdc87e863b8c749d1fe150d1d2440e2555643bde3a28b108891468145b06ae,01df5b22dfbc25beff3432eae0d66ccba0566c7d1c0c509f4a7968c36944ed83,4c1617ce30ce16e3853557c15e67978e3017c2c1f7b56e46f437f437c10940a6,experiments/raw/RECON_20260908_PI_MAIN_S3P1_C2_R04
44,RECON_20260908_PI_MAIN_S4_C2_R01,RECON_20260908_PI_MAIN_S4_C2_R01,,ORIGINAL_ACCEPTED,S4,C2,1,C2_R01_SCAN_22p0,4751335944893206463,UDP,10,250,22.0,experiments/configs/targets/main_v1/udp_targets_main_v1.csv,4a0792073551dcee76b9f55fa797e6ba88be819349b7ec0b2b6a507533252f5c,44661ad0f51b7dbc1b696a87fde816263d00d84fd24b2d396ceb39f4425d5f84,experiments/raw/RECON_20260908_PI_MAIN_S4_C2_R01/main_validation_auto_v1.json,63ffc2cadb03f63c396dc9267f55ec9466b6ae0cfa7025732b47c298902bc738,a6caf20a0bbb2da6ca2481ef6ca6a931bb7b4b17578e7f269181f367882c2f66,e38ae9d802902f7ef49923214cf857ca9a84325743d92cf2cff50f43aa8b6b1e,experiments/raw/RECON_20260908_PI_MAIN_S4_C2_R01
45,RECON_20260908_PI_MAIN_S0A_C2_R01,RECON_20260908_PI_MAIN_S0A_C2_R01,,ORIGINAL_ACCEPTED,S0A,C2,1,C2_R01_SCAN_22p0,530759494310193868,NONE,0,,22.0,experiments/configs/targets/main_v1/broad_tcp_targets_main_v1.csv,d63ebaeb716d635f258d4b55ec5d5090d745dfe109335ee6aa5ea9e4d6570fdc,23b3ac9d49ae109898e4715acfa9725633c9d35f159648d69782263066b7dfb6,experiments/raw/RECON_20260908_PI_MAIN_S0A_C2_R01/main_validation_auto_v1.json,07633c9e08f3e435f958d1b60ed135aca6d86598adf0de817f6e812e41a6251b,ceaddf0df54cfa1bff8eb4fe83ce843fbf600602662c0a3bbda1bbf932690865,91028b34e0ef243adda2d63cba42abdad8560c4d13ed73a3a5e323291c253b89,experiments/raw/RECON_20260908_PI_MAIN_S0A_C2_R01
46,RECON_20260908_PI_MAIN_S0B_C3_R05,RECON_20260908_PI_MAIN_S0B_C3_R05,,ORIGINAL_ACCEPTED,S0B,C3,5,STANDALONE_S0B_R05,8547915594593128360,NONE,0,,24.0,experiments/configs/targets/benign_diverse_targets.csv,fc1c0d1422dfb62e60de2708821850d92b493aa6a3e188d608dca5c66e7573fc,420bbd868f414277588ac94428dbcfe6389604f7cd34c442268bd229293be3cf,experiments/raw/RECON_20260908_PI_MAIN_S0B_C3_R05/main_validation_auto_v1.json,1d69609fd927818a49c23acce79fb048a4b9eb01765b5254a26f857420b890a9,bd99305532d7f472a2c40a19afeeb157a6e0605303f78da9a72d75be91b15fcb,fe234108709b0e53fb2d80236bbf77feb1c838e74a9f7540c7d7ca8697018324,experiments/raw/RECON_20260908_PI_MAIN_S0B_C3_R05
47,RECON_20260908_PI_MAIN_S0B_C3_R03,RECON_20260908_PI_MAIN_S0B_C3_R03,,ORIGINAL_ACCEPTED,S0B,C3,3,STANDALONE_S0B_R03,6197555204566479533,NONE,0,,24.0,experiments/configs/targets/benign_diverse_targets.csv,fc1c0d1422dfb62e60de2708821850d92b493aa6a3e188d608dca5c66e7573fc,3e3e929c1190cd3013763e2525a92aeb8e5ebd40d8f7bd683b282b6a720a9973,experiments/raw/RECON_20260908_PI_MAIN_S0B_C3_R03/main_validation_auto_v1.json,40baa8c9e935e9d10e403216283f00b9244eaecdfffa1e389039f74f873f2636,8057d3baf0d4795089a95cc04729dd113b34b6849657579bb3df8d3a3951212b,cb7b4d49b55b50e1e7083b0a53cb72b005eeafb4d66ab36f3a5cd8f69ef84231,experiments/raw/RECON_20260908_PI_MAIN_S0B_C3_R03
48,RECON_20260908_PI_MAIN_S0A_C3_R05,RECON_20260908_PI_MAIN_S0A_C3_R05,,ORIGINAL_ACCEPTED,S0A,C3,5,STANDALONE_S0A_R05,5003829127621579240,NONE,0,,22.0,experiments/configs/targets/main_v1/broad_tcp_targets_main_v1.csv,d63ebaeb716d635f258d4b55ec5d5090d745dfe109335ee6aa5ea9e4d6570fdc,f34157a3ca533141fb31324f6d62ab1f9f5c87c1d763ec38536de5b16ed321b4,experiments/raw/RECON_20260908_PI_MAIN_S0A_C3_R05/main_validation_auto_v1.json,994adff5aa7afa24bc368c314b59de6b5196fcec8471a7ebb40e1fdc7dc5c033,c12ba0d47ff1c9db0cebf77cf0b94f37cd62b5f028c9eb30dc1eab3e23eaa61a,e9b6955f7d1dc4dd9bdd63ab1582bfc12b52e934966acfa37d32633fa126447b,experiments/raw/RECON_20260908_PI_MAIN_S0A_C3_R05
49,RECON_20260908_PI_MAIN_S3P2_C2_R02,RECON_20260908_PI_MAIN_S3P2_C2_R02,,ORIGINAL_ACCEPTED,S3P2,C2,2,C2_R02_SCAN_21p0,8594902066542757070,TCP,10,1600,21.0,experiments/configs/targets/main_v1/broad_tcp_targets_main_v1.csv,d63ebaeb716d635f258d4b55ec5d5090d745dfe109335ee6aa5ea9e4d6570fdc,b2d5850e5f6f83709099d97d22640861e292b6f7e6745bbea0332f5e80878756,experiments/raw/RECON_20260908_PI_MAIN_S3P2_C2_R02/main_validation_auto_v1.json,7ca91f7657fa7797bafae6985a2226dd39a0d5b98c4603a7689a25d50f55a737,b65623e5875a108f209cedeadd2735b2c6e25392d34bbc942e68bbac86d17b38,0789d47c36ac8130e2b4fe11f171713662b825c992bf0c3d443ad994b1a1bd95,experiments/raw/RECON_20260908_PI_MAIN_S3P2_C2_R02
50,RECON_20260908_PI_MAIN_S5_C2_R02,RECON_20260908_PI_MAIN_S5_C2_R02,,ORIGINAL_ACCEPTED,S5,C2,2,C2_R02_SCAN_12p0,1408569544597438266,MIXED,10,500,12.0,experiments/configs/targets/main_v1/mixed_targets_main_v1.csv,e4dbf91f6db4c46c41d12c5319e6b72824cfe2d33b2396433c28191b2a54fa39,738d2ff53ad843aaec1308738cf8d50d4103671cd60c9d8cd9d232b0a36cc8f6,experiments/raw/RECON_20260908_PI_MAIN_S5_C2_R02/main_validation_auto_v1.json,13a97173681a4444291f8edd518abcccfe4b0059e15e1d80a09738874dfc5d3b,4d28e4c2aa7605429f0f94e22385f9669b777609c0690c792cf0d55c83054603,4bcb3bf91da6fea7594605e19ee6662e27aacaab709396b6bddb7ed93af8ec42,experiments/raw/RECON_20260908_PI_MAIN_S5_C2_R02
51,RECON_20260908_PI_MAIN_S2_C2_R02,RECON_20260908_PI_MAIN_S2_C2_R02,,ORIGINAL_ACCEPTED,S2,C2,2,C2_R02_SCAN_12p0,913709473182085494,TCP,10,500,12.0,experiments/configs/targets/main_v1/broad_tcp_targets_main_v1.csv,d63ebaeb716d635f258d4b55ec5d5090d745dfe109335ee6aa5ea9e4d6570fdc,63001f90569639b66ec76888fa902209c96f366c128dfb349ea9f105a1c7c9eb,experiments/raw/RECON_20260908_PI_MAIN_S2_C2_R02/main_validation_auto_v1.json,b6e027cc217aaa16c10409db059cdc9cd5eef6e5c35a72a8bcc83a1d63428f5d,414565670d084215cfd42895ee2fb6cbe58bb775d15928b22ffd975738d3e3fd,e25bd4b5f277d6d170941506ccdf612e830ff59b8c1dc2b34c5b81d9a9d493c9,experiments/raw/RECON_20260908_PI_MAIN_S2_C2_R02
52,RECON_20260908_PI_MAIN_S6A_C2_R02,RECON_20260908_PI_MAIN_S6A_C2_R02,,ORIGINAL_ACCEPTED,S6A,C2,2,C2_R02_SCAN_12p0,1520564872375698704,MIXED,6,250,12.0,experiments/configs/targets/main_v1/targeted_iot_targets_main_v1.csv,01064296f84cc5661e551ef2de74699f1705c5b0783ebc71751f34aafc33de1b,d3bb29abe1a9cdfa9e4ac11eb0ea7d1b1c3d6d7072fc9671d98f5546f6debc16,experiments/raw/RECON_20260908_PI_MAIN_S6A_C2_R02/main_validation_auto_v1.json,558645b7ed2af2602a6d2077f4cfdc3c15633e7804063c669c34800cc3df5c25,35988bfb2bc1c3237637f21b6009d627db0074f2585e3c1d2cb5f7013aa33120,e19fcf3162d3984cf6f130df59c17c2172a56563972deec5c84b8a5b8195f46d,experiments/raw/RECON_20260908_PI_MAIN_S6A_C2_R02
53,RECON_20260908_PI_MAIN_S1_C2_R02,RECON_20260908_PI_MAIN_S1_C2_R02,,ORIGINAL_ACCEPTED,S1,C2,2,C2_R02_SCAN_12p0,3825172026798238350,TCP,10,250,12.0,experiments/configs/targets/main_v1/broad_tcp_targets_main_v1.csv,d63ebaeb716d635f258d4b55ec5d5090d745dfe109335ee6aa5ea9e4d6570fdc,fe37b53c895df64eec1de331c4cd146ed5fe671d1e95774167ffa12a7d1ce035,experiments/raw/RECON_20260908_PI_MAIN_S1_C2_R02/main_validation_auto_v1.json,2dd8079c0dc5adc33c202f3030a739b96b6bd515de02e9cbda8e7186a67c7e07,cedd75ef1d50a1e935981eb9bf4cc293c81c98dcb36dac5fec7c57d59b122283,539d78bfeafd3a6492caffffd1cc6f691167f4cfce010e33ed3964e625736ed9,experiments/raw/RECON_20260908_PI_MAIN_S1_C2_R02
54,RECON_20260908_PI_MAIN_S6B_C3_R04,RECON_20260908_PI_MAIN_S6B_C3_R04,,ORIGINAL_ACCEPTED,S6B,C3,4,STANDALONE_S6B_R04,3435945809897938263,MIXED,6,1000,40.0,experiments/configs/targets/main_v1/targeted_iot_targets_main_v1.csv,01064296f84cc5661e551ef2de74699f1705c5b0783ebc71751f34aafc33de1b,76a7bbb73cb84c4890b106a9f5af28d426b17157fe30e0363b403f29a1cd4a6a,experiments/raw/RECON_20260908_PI_MAIN_S6B_C3_R04/main_validation_auto_v1.json,dacf61fd8e291b40bd57676de23c97aa3a68ad6b12c1ea0495935cab1794a92f,97322a67dc58ff900cf7e54be0e780c13fd1ae7aff09a2ba14facdffe4a3a144,b7340631690c8a2047071117d86066392b87a49b9b8f27ad322cae67740802d7,experiments/raw/RECON_20260908_PI_MAIN_S6B_C3_R04
55,RECON_20260908_PI_MAIN_S3P4_C2_R01,RECON_20260908_PI_MAIN_S3P4_C2_R01,,ORIGINAL_ACCEPTED,S3P4,C2,1,C2_R01_SCAN_114p0,3562713171623886682,TCP,10,12000,114.0,experiments/configs/targets/main_v1/broad_tcp_targets_main_v1.csv,d63ebaeb716d635f258d4b55ec5d5090d745dfe109335ee6aa5ea9e4d6570fdc,7a4eafa7972ceb3ff033028bfe4129a517f097b47f7d041c7e3429d007d33347,experiments/raw/RECON_20260908_PI_MAIN_S3P4_C2_R01/main_validation_auto_v1.json,65b12bf8f314f7502070b1b01acff2e21111cf2f472f73a8005baf266592dcef,eb63c1169168d2daffe0b988ebece68b4eaebb43af894454908e5d3a3c54ca2f,8c22199221dc824dbdaed7b99062a78b6fc180d48cb03751c6b35a599eea7f20,experiments/raw/RECON_20260908_PI_MAIN_S3P4_C2_R01
56,RECON_20260908_PI_MAIN_S6B_C2_R02,RECON_20260908_PI_MAIN_S6B_C2_R02,,ORIGINAL_ACCEPTED,S6B,C2,2,C2_R02_SCAN_40p0,5715867056632763172,MIXED,6,1000,40.0,experiments/configs/targets/main_v1/targeted_iot_targets_main_v1.csv,01064296f84cc5661e551ef2de74699f1705c5b0783ebc71751f34aafc33de1b,a53eda21e3937c9cd901ab5a7cf7d4fba0f31a4c3ae43e091736f22513e96906,experiments/raw/RECON_20260908_PI_MAIN_S6B_C2_R02/main_validation_auto_v1.json,13fa70cec35382bfe99068375e2f5e15230c4091197785d9d40a84657724fbff,fd00dd804641bf28c23c827de3174c853c5e5bafd8e86f9fa46198f140d2469f,2eb97e1e5fd1a6ff9e80223ab55c1bfdb2425e0a8ae4865abac19a200169961a,experiments/raw/RECON_20260908_PI_MAIN_S6B_C2_R02
57,RECON_20260908_PI_MAIN_S1_C4_R02,RECON_20260908_PI_MAIN_S1_C4_R02,,ORIGINAL_ACCEPTED,S1,C4,2,MATCHED_S1_R02,3825172026798238350,TCP,10,250,12.0,experiments/configs/targets/main_v1/broad_tcp_targets_main_v1.csv,d63ebaeb716d635f258d4b55ec5d5090d745dfe109335ee6aa5ea9e4d6570fdc,afdab6db0c2c0c867d06cb44f0f1cc60a16976082d488f94833f5590befca224,experiments/raw/RECON_20260908_PI_MAIN_S1_C4_R02/main_validation_auto_v1.json,1505d4e9fe0543dfc79cf6eaea8c1ca8d80dd48f1a5d25534c788307e088fce4,6e40f9d38fe7c5119955232c3225fc566fefc8363e20d1a0ad8319a7c8b79bd2,b3c3bc3ad23c4a1e27afe4b1c0f64eca2d34be24c7045be3c64c60698e1ab674,experiments/raw/RECON_20260908_PI_MAIN_S1_C4_R02
58,RECON_20260908_PI_MAIN_S1_C1_R02,RECON_20260908_PI_MAIN_S1_C1_R02,,ORIGINAL_ACCEPTED,S1,C1,2,MATCHED_S1_R02,3825172026798238350,TCP,10,250,12.0,experiments/configs/targets/main_v1/broad_tcp_targets_main_v1.csv,d63ebaeb716d635f258d4b55ec5d5090d745dfe109335ee6aa5ea9e4d6570fdc,e74bec445d79253f19e181626ffa27898def948a4451670bcfcbdbba237ad0fa,experiments/raw/RECON_20260908_PI_MAIN_S1_C1_R02/main_validation_auto_v1.json,0336339dce07357b788ec2bea5f8c84ff828a42caf1d34e5515761727119db4c,9a9bd2c65e96abb85943878ea92db97c75d3e21d4e725d35fe21adaef20c4b55,31f0062e5a14a011ffb4fdbfa55eb4e1ac9a8d6cb86e62d96b4e4417061daced,experiments/raw/RECON_20260908_PI_MAIN_S1_C1_R02
59,RECON_20260908_PI_MAIN_S1_C3_R02,RECON_20260908_PI_MAIN_S1_C3_R02,,ORIGINAL_ACCEPTED,S1,C3,2,MATCHED_S1_R02,3825172026798238350,TCP,10,250,12.0,experiments/configs/targets/main_v1/broad_tcp_targets_main_v1.csv,d63ebaeb716d635f258d4b55ec5d5090d745dfe109335ee6aa5ea9e4d6570fdc,ffa22449fd74ddc91c4d4962eaecdfe133893066535c4993a86f0ff4e3e1512a,experiments/raw/RECON_20260908_PI_MAIN_S1_C3_R02/main_validation_auto_v1.json,7c8c1bc68164b73556b65c8a1a2eda51f23c68c845557ebc57574e3d66354d2e,3ed844d8e87356681f7846c4d6b3d1b1242b2b27ad602471c7ee3ea825a7985e,1bf56e9794b1cf663ff27ef40174bedec23d05891d4e0322f506def60a1e8af5,experiments/raw/RECON_20260908_PI_MAIN_S1_C3_R02
60,RECON_20260908_PI_MAIN_S1_C4_R03,RECON_20260908_PI_MAIN_S1_C4_R03,,ORIGINAL_ACCEPTED,S1,C4,3,MATCHED_S1_R03,2385423419746871645,TCP,10,250,12.0,experiments/configs/targets/main_v1/broad_tcp_targets_main_v1.csv,d63ebaeb716d635f258d4b55ec5d5090d745dfe109335ee6aa5ea9e4d6570fdc,69fd3c2ab32fe82ccd03c3f39770a4cb63eaecc6293d141c7cc9a37aa4160469,experiments/raw/RECON_20260908_PI_MAIN_S1_C4_R03/main_validation_auto_v1.json,f56d8d5b65acb779f43a656337c22226c478e89bc729f053808540a91844335f,b146c6e2c8f4bbbc80e8afe21cd10d64334682037d2766a55e491cffca8a4624,bfb9cc35d944871e878c9c1edf78dad58865558a314e49a0f9991147b8cdbcc0,experiments/raw/RECON_20260908_PI_MAIN_S1_C4_R03
61,RECON_20260908_PI_MAIN_S1_C1_R03,RECON_20260908_PI_MAIN_S1_C1_R03,,ORIGINAL_ACCEPTED,S1,C1,3,MATCHED_S1_R03,2385423419746871645,TCP,10,250,12.0,experiments/configs/targets/main_v1/broad_tcp_targets_main_v1.csv,d63ebaeb716d635f258d4b55ec5d5090d745dfe109335ee6aa5ea9e4d6570fdc,903b72e5726f76e2c2023154f029156f2d19978cf2e753747b3f1760bdc33631,experiments/raw/RECON_20260908_PI_MAIN_S1_C1_R03/main_validation_auto_v1.json,0c384f75f1184d6919beed9e0a81e801a5b9ccdffa6051688ad43ee6c1dc835f,af4759da7269b8ea4e412576db96b7a9f4c92fb835dfdd6a922dcf52836c2f53,bc29bf90b50456503b32b5258685bf220bda1492458f50b32ffbc2272fc1a01e,experiments/raw/RECON_20260908_PI_MAIN_S1_C1_R03
62,RECON_20260908_PI_MAIN_S1_C3_R03,RECON_20260908_PI_MAIN_S1_C3_R03,,ORIGINAL_ACCEPTED,S1,C3,3,MATCHED_S1_R03,2385423419746871645,TCP,10,250,12.0,experiments/configs/targets/main_v1/broad_tcp_targets_main_v1.csv,d63ebaeb716d635f258d4b55ec5d5090d745dfe109335ee6aa5ea9e4d6570fdc,d982441b18b4b1f5838832ec05c139a7893680d0121a29b30f00276626e15bbc,experiments/raw/RECON_20260908_PI_MAIN_S1_C3_R03/main_validation_auto_v1.json,480da40ec7cecce3dddbe61391647e89081143a59da7539def83975df3431906,fa6f55e8dd463f200a989311bd4f13b2d53568d8eb49d01423ac7cbe4c1e2cec,2011642df2c81fc7c49401ec08e9c67c445ef764df59220ed814f16b971b2cf5,experiments/raw/RECON_20260908_PI_MAIN_S1_C3_R03
63,RECON_20260908_PI_MAIN_S6B_C2_R01,RECON_20260908_PI_MAIN_S6B_C2_R01,,ORIGINAL_ACCEPTED,S6B,C2,1,C2_R01_SCAN_40p0,8909916251273395171,MIXED,6,1000,40.0,experiments/configs/targets/main_v1/targeted_iot_targets_main_v1.csv,01064296f84cc5661e551ef2de74699f1705c5b0783ebc71751f34aafc33de1b,408e819e4e1461db20c8feeebc77b9d4a10899667b5af47a56ec4f44769dbe04,experiments/raw/RECON_20260908_PI_MAIN_S6B_C2_R01/main_validation_auto_v1.json,f54fa85b46120d98b76389a9f374ec7779ec93ed9aa56d672e2feaf5e85b453e,402e293b3532cb37753256a557ca833d96d3a41f3be705b0195443e42090c56e,d59afa2d7c5b5d2052951587b077106c263e196b0bffaa4bdd07b2452d273a65,experiments/raw/RECON_20260908_PI_MAIN_S6B_C2_R01
64,RECON_20260908_PI_MAIN_S3P2_C2_R01,RECON_20260908_PI_MAIN_S3P2_C2_R01,,ORIGINAL_ACCEPTED,S3P2,C2,1,C2_R01_SCAN_21p0,5540683211513550622,TCP,10,1600,21.0,experiments/configs/targets/main_v1/broad_tcp_targets_main_v1.csv,d63ebaeb716d635f258d4b55ec5d5090d745dfe109335ee6aa5ea9e4d6570fdc,e713e2f1765e0cf249786c2e323d134ca74c27ae5a8d3ea2d434bf11746cbe52,experiments/raw/RECON_20260908_PI_MAIN_S3P2_C2_R01/main_validation_auto_v1.json,c0e20903cbf190def1e35d75e7984f344c80a069c64d1468b0a4005194b751d6,f8455e4047c8d1ed1374c79c19bee43c103526955bc4843b2f57aa50eb4f1524,94dd4de23f2c99b48db2ec60c021508656f637571294615ca371b572d42fc8c5,experiments/raw/RECON_20260908_PI_MAIN_S3P2_C2_R01
65,RECON_20260908_PI_MAIN_S0A_C2_R05,RECON_20260908_PI_MAIN_S0A_C2_R05,,ORIGINAL_ACCEPTED,S0A,C2,5,C2_R05_SCAN_22p0,5003829127621579240,NONE,0,,22.0,experiments/configs/targets/main_v1/broad_tcp_targets_main_v1.csv,d63ebaeb716d635f258d4b55ec5d5090d745dfe109335ee6aa5ea9e4d6570fdc,fdc50eff6a76f9f274930d10b5035e05a578df793bce68e77a7a7ca3052e0c5f,experiments/raw/RECON_20260908_PI_MAIN_S0A_C2_R05/main_validation_auto_v1.json,268ed6d48074c764ac0a73ed7f390482f805e53accf4bf8318b145b0a48e131e,d44984252bd3e92b402736885bf281ac470e1f7114dec000c3990eaedde8edb2,d2ccfb8a5acb3b5b629e60afd55f64895bd3e04bf705f0c272cee35f0c66123e,experiments/raw/RECON_20260908_PI_MAIN_S0A_C2_R05
66,RECON_20260908_PI_MAIN_S4_C2_R05,RECON_20260908_PI_MAIN_S4_C2_R05,,ORIGINAL_ACCEPTED,S4,C2,5,C2_R05_SCAN_22p0,2842395541070670683,UDP,10,250,22.0,experiments/configs/targets/main_v1/udp_targets_main_v1.csv,4a0792073551dcee76b9f55fa797e6ba88be819349b7ec0b2b6a507533252f5c,a12de4fd31f15a15a0c411f10e2a7a6a13d83a4afc5c7d8176c1f690cfba1744,experiments/raw/RECON_20260908_PI_MAIN_S4_C2_R05/main_validation_auto_v1.json,2d4cd4e0b721d74f79e397ec5b37277ffce440f11fc7e17790e73c9bc74c8434,b7ecf493006fce088fb69f0800bd7bf9cc02c02fbed1b4e004790b573da55354,8926828836e31dd740766203119db2bf5660c980abb36fe2bbef62194164a979,experiments/raw/RECON_20260908_PI_MAIN_S4_C2_R05
67,RECON_20260908_PI_MAIN_S6B_C2_R04,RECON_20260908_PI_MAIN_S6B_C2_R04,,ORIGINAL_ACCEPTED,S6B,C2,4,C2_R04_SCAN_40p0,3435945809897938263,MIXED,6,1000,40.0,experiments/configs/targets/main_v1/targeted_iot_targets_main_v1.csv,01064296f84cc5661e551ef2de74699f1705c5b0783ebc71751f34aafc33de1b,efcf0825480238356a98b9a6828c678ecba6de5ac79848c955086383575be838,experiments/raw/RECON_20260908_PI_MAIN_S6B_C2_R04/main_validation_auto_v1.json,f8b4e864217d5cec713e8464962aba44b47f17f81db5b82b4d3e710df2092868,e0cb19d21ecd71c7122159237ed64d1e68c12de0d52e1148af0596e7feac0e93,3acee57b81b0fa05b2592ec07ba6565adb137de98f563df3aebd5fab6557d537,experiments/raw/RECON_20260908_PI_MAIN_S6B_C2_R04
68,RECON_20260908_PI_MAIN_S3P4_C2_R05,RECON_20260908_PI_MAIN_S3P4_C2_R05,,ORIGINAL_ACCEPTED,S3P4,C2,5,C2_R05_SCAN_114p0,6120257162643154288,TCP,10,12000,114.0,experiments/configs/targets/main_v1/broad_tcp_targets_main_v1.csv,d63ebaeb716d635f258d4b55ec5d5090d745dfe109335ee6aa5ea9e4d6570fdc,089726a4998ab1ee3fb690d516945a2ec59b5b55a9c4d4ec7a924df82fda93d6,experiments/raw/RECON_20260908_PI_MAIN_S3P4_C2_R05/main_validation_auto_v1.json,4f3e0e55f6bba7580f28d85a993effc0baa10a22a87e930ca7770465f35cfe72,c975cd9e791893ee06b078cd0aed71577c99c523aeb094891a86b896820c6aa2,6936b4b5591dff8bc4973952457e6e2831d727f7a38f2ffb48d7ccd8b95a1be0,experiments/raw/RECON_20260908_PI_MAIN_S3P4_C2_R05
69,RECON_20260908_PI_MAIN_S3P3_C4_R05,RECON_20260908_PI_MAIN_S3P3_C4_R05,,ORIGINAL_ACCEPTED,S3P3,C4,5,MATCHED_S3P3_R05,7368726453738893228,TCP,10,2000,24.0,experiments/configs/targets/main_v1/broad_tcp_targets_main_v1.csv,d63ebaeb716d635f258d4b55ec5d5090d745dfe109335ee6aa5ea9e4d6570fdc,676d7a7766dd3769d564cbd04a4a3d8c1d89f60ebba5aedbb629c15d1228fe72,experiments/raw/RECON_20260908_PI_MAIN_S3P3_C4_R05/main_validation_auto_v1.json,4e9d8b6a7bcbb9805db1bc0d958d34f084857ee88e836053adfd44a01b886398,89673c50293998b7f7c01e886d4170c321646a880b1ebeb4e3463f1f5a20139e,2bef0c45e91bcf424e9f5ee88851eaca3a6819ea5b6c0b3c6eecd58a8c9d23e1,experiments/raw/RECON_20260908_PI_MAIN_S3P3_C4_R05
70,RECON_20260908_PI_MAIN_S3P3_C3_R05,RECON_20260908_PI_MAIN_S3P3_C3_R05,,ORIGINAL_ACCEPTED,S3P3,C3,5,MATCHED_S3P3_R05,7368726453738893228,TCP,10,2000,24.0,experiments/configs/targets/main_v1/broad_tcp_targets_main_v1.csv,d63ebaeb716d635f258d4b55ec5d5090d745dfe109335ee6aa5ea9e4d6570fdc,edc0564450d79c4abed546efb8c152b4f4200f0e09433a6399027b4040c77ba1,experiments/raw/RECON_20260908_PI_MAIN_S3P3_C3_R05/main_validation_auto_v1.json,7438b03a8aafd47ab48a72813a95bbb6b1ce9a188a61d195f0944a0370042b10,00db319a1c507d121430f75861b328312cf2a623575085e5245a4d37469bc755,6109e182d43cda9184fc6b2670424d22c764bfc7a9849c8c5172907ded5b5193,experiments/raw/RECON_20260908_PI_MAIN_S3P3_C3_R05
71,RECON_20260908_PI_MAIN_S3P3_C1_R05,RECON_20260908_PI_MAIN_S3P3_C1_R05,,ORIGINAL_ACCEPTED,S3P3,C1,5,MATCHED_S3P3_R05,7368726453738893228,TCP,10,2000,24.0,experiments/configs/targets/main_v1/broad_tcp_targets_main_v1.csv,d63ebaeb716d635f258d4b55ec5d5090d745dfe109335ee6aa5ea9e4d6570fdc,82d37ee8272756ac013c1958839d3f0fecf256d3673af581f6e5c6fe4264f096,experiments/raw/RECON_20260908_PI_MAIN_S3P3_C1_R05/main_validation_auto_v1.json,b138eb85bf446a6d1aaf43d09a86e1bf8e1ed3a132af6c88e56a3aba6d50ce19,9b75a365708d312f6df76e9329438a61ee1e3071e9656f7f89d121d4005aeb29,c3288b36f3b9ec269d3bcebe80385947ba1556c9b1248a58ccdefa86933dd1b3,experiments/raw/RECON_20260908_PI_MAIN_S3P3_C1_R05
72,RECON_20260908_PI_MAIN_S3P4_C2_R02,RECON_20260908_PI_MAIN_S3P4_C2_R02,,ORIGINAL_ACCEPTED,S3P4,C2,2,C2_R02_SCAN_114p0,5011660846945255175,TCP,10,12000,114.0,experiments/configs/targets/main_v1/broad_tcp_targets_main_v1.csv,d63ebaeb716d635f258d4b55ec5d5090d745dfe109335ee6aa5ea9e4d6570fdc,bd2f1f613c84aae836a747386abd3644f660045cf3f6fbda7b280872f3df189b,experiments/raw/RECON_20260908_PI_MAIN_S3P4_C2_R02/main_validation_auto_v1.json,3e9799b1c10e81c6adaaecf7b2e50028b2beea526c8ad59915af3e057d4b2bcb,88e1598f8a59923b5aa78cbe0883277ef4183fa390d1113aefaf03c672bcc4ff,3ada360ab5d180780440c9664118c6b7b77eee704aff70b1fe44dcbca386ee02,experiments/raw/RECON_20260908_PI_MAIN_S3P4_C2_R02
73,RECON_20260908_PI_MAIN_S0B_C2_R01,RECON_20260908_PI_MAIN_S0B_C2_R01,,ORIGINAL_ACCEPTED,S0B,C2,1,C2_R01_SCAN_24p0,7488687273195644305,NONE,0,,24.0,experiments/configs/targets/benign_diverse_targets.csv,fc1c0d1422dfb62e60de2708821850d92b493aa6a3e188d608dca5c66e7573fc,5c7acd3aed06df0d24a832c8a3cf94086345542033daa7132c0449b4e8375063,experiments/raw/RECON_20260908_PI_MAIN_S0B_C2_R01/main_validation_auto_v1.json,8c37dadda893cc8d6eb3cae566430e4d804a3206324be04c2670858158728b68,dde558da5e163783fc1985337f78c3db65365d034e4fc4a947f33b813f0550e8,8277e72ccff681d9e74c04c3e2628f1b373eb3e0f065183dd34853b15fd3d1d1,experiments/raw/RECON_20260908_PI_MAIN_S0B_C2_R01
74,RECON_20260908_PI_MAIN_S3P3_C2_R01,RECON_20260908_PI_MAIN_S3P3_C2_R01,,ORIGINAL_ACCEPTED,S3P3,C2,1,C2_R01_SCAN_24p0,344322987200046027,TCP,10,2000,24.0,experiments/configs/targets/main_v1/broad_tcp_targets_main_v1.csv,d63ebaeb716d635f258d4b55ec5d5090d745dfe109335ee6aa5ea9e4d6570fdc,fa833f0740eb4cf8455fae292c00e99d751bfec9d918dec5f499f3ad90006ab2,experiments/raw/RECON_20260908_PI_MAIN_S3P3_C2_R01/main_validation_auto_v1.json,d7385cf4720cc432bb3ae35600b843a36edb0c56ec65572cb71cd3989be42281,55669213f5cb83bd487cc4529e6b2a62e3494da6bba06400a98cfec17fb42a21,6bcd5d6c1eeb3bca7087b2eec2e9cb65283baf77b1ab74fc103beb3a1d4d0a51,experiments/raw/RECON_20260908_PI_MAIN_S3P3_C2_R01
75,RECON_20260908_PI_MAIN_S4_C3_R03,RECON_20260908_PI_MAIN_S4_C3_R03,,ORIGINAL_ACCEPTED,S4,C3,3,STANDALONE_S4_R03,6294456640517241219,UDP,10,250,22.0,experiments/configs/targets/main_v1/udp_targets_main_v1.csv,4a0792073551dcee76b9f55fa797e6ba88be819349b7ec0b2b6a507533252f5c,e57047bb13fc0b690a1b365ef7aa44b4c75f590628ab1dfa202bf0ebba77c42e,experiments/raw/RECON_20260908_PI_MAIN_S4_C3_R03/main_validation_auto_v1.json,9d5a73fe2919810050e6499bd32beaa8a940fba265cadc976d827f0ebea0f3c2,9a90f6ad5654bed8f2dd88d2c829197f3b49d0e398ce1f0b067f6bca1d2cfe60,207c61c133c76142bb557f325eb7b856e8cb25132acc955dd7d1789dceebaa4a,experiments/raw/RECON_20260908_PI_MAIN_S4_C3_R03
76,RECON_20260908_PI_MAIN_S3P4_C2_R04,RECON_20260908_PI_MAIN_S3P4_C2_R04,,ORIGINAL_ACCEPTED,S3P4,C2,4,C2_R04_SCAN_114p0,8709403836172912600,TCP,10,12000,114.0,experiments/configs/targets/main_v1/broad_tcp_targets_main_v1.csv,d63ebaeb716d635f258d4b55ec5d5090d745dfe109335ee6aa5ea9e4d6570fdc,8ab1181b521cc14b438ea8a6b6cc7ff303b2065db5eac2b62a67a9df016017b9,experiments/raw/RECON_20260908_PI_MAIN_S3P4_C2_R04/main_validation_auto_v1.json,a9ae3c98af590ad86defc39277008703f392047af6ba944c8ff19e3df28eb99b,69eb37c44a82d32e412d72a25eea14f2d34e77687e7bd1d1796b68c381cb1756,5c80c76a946df25a7b3bac1c24a737aef29f47007728acc4a2ec4cbc4d7a8a64,experiments/raw/RECON_20260908_PI_MAIN_S3P4_C2_R04
77,RECON_20260908_PI_MAIN_S4_C2_R02,RECON_20260908_PI_MAIN_S4_C2_R02,,ORIGINAL_ACCEPTED,S4,C2,2,C2_R02_SCAN_22p0,7137591416795289606,UDP,10,250,22.0,experiments/configs/targets/main_v1/udp_targets_main_v1.csv,4a0792073551dcee76b9f55fa797e6ba88be819349b7ec0b2b6a507533252f5c,987aa66a40fcf2815b2b50f5d7fc712576cff7d23800f13b08ad480195bdb2cf,experiments/raw/RECON_20260908_PI_MAIN_S4_C2_R02/main_validation_auto_v1.json,92576ad0fdfea350f420f20bbd9626aee864afba7bfb86584656682e9794f362,40d2418454cc231f8194fc9c66a88d743225c51ed8c93b88a8e440b3f5b7174b,e01bdd7002e91f9fbae4ab464ca116f3500b7799a090de02bae6a62e9aff12b9,experiments/raw/RECON_20260908_PI_MAIN_S4_C2_R02
78,RECON_20260908_PI_MAIN_S0A_C2_R02,RECON_20260908_PI_MAIN_S0A_C2_R02,,ORIGINAL_ACCEPTED,S0A,C2,2,C2_R02_SCAN_22p0,6983382161474655667,NONE,0,,22.0,experiments/configs/targets/main_v1/broad_tcp_targets_main_v1.csv,d63ebaeb716d635f258d4b55ec5d5090d745dfe109335ee6aa5ea9e4d6570fdc,97d2008ece25bfc6fa1d4f12acc70d475cce1a52c33330c1914b79fad8308096,experiments/raw/RECON_20260908_PI_MAIN_S0A_C2_R02/main_validation_auto_v1.json,6afe69515c56ff4bd6c12e0bce5c0f870e37a70dd6580ac2a3591afaaefd41be,a218417529e079cf7a1a97dfbfb96450714a0471ace9a04d5c9a623fe5ca10f8,53777cc52fe2856c7417d32005a32dee9be18f2c74b4de20ff887d8c0eafe823,experiments/raw/RECON_20260908_PI_MAIN_S0A_C2_R02
79,RECON_20260908_PI_MAIN_S3P2_C2_R04,RECON_20260908_PI_MAIN_S3P2_C2_R04,,ORIGINAL_ACCEPTED,S3P2,C2,4,C2_R04_SCAN_21p0,6167905089799867762,TCP,10,1600,21.0,experiments/configs/targets/main_v1/broad_tcp_targets_main_v1.csv,d63ebaeb716d635f258d4b55ec5d5090d745dfe109335ee6aa5ea9e4d6570fdc,0352d27f5fa39e86c24e4dab31e04fcc538fabd2043f600e7d4ba571ff43b6a8,experiments/raw/RECON_20260908_PI_MAIN_S3P2_C2_R04/main_validation_auto_v1.json,3aaee6b83e9beaeb11167b8fb290285f2f6b11b2f370bc5718c2a71de825f469,67199e55c8a3c54e9edb0e5aa678ef120b5ee60bd7bae1e84b1a706abd402cc4,5de1e2cd4908865cbd11db060374d548b67b462deb3f072e99130bcc8b0120b5,experiments/raw/RECON_20260908_PI_MAIN_S3P2_C2_R04
80,RECON_20260908_PI_MAIN_S3P3_C4_R02,RECON_20260908_PI_MAIN_S3P3_C4_R02,,ORIGINAL_ACCEPTED,S3P3,C4,2,MATCHED_S3P3_R02,6738418808919608595,TCP,10,2000,24.0,experiments/configs/targets/main_v1/broad_tcp_targets_main_v1.csv,d63ebaeb716d635f258d4b55ec5d5090d745dfe109335ee6aa5ea9e4d6570fdc,711ac75c7d57e2171f0fc303344983054b413c71c8e8a5fb48a4f2908d9d7b24,experiments/raw/RECON_20260908_PI_MAIN_S3P3_C4_R02/main_validation_auto_v1.json,9bdca876c604fd14d111df0ed6e8d851fb8593f1811c543eb5e0fb29d8d0385c,b6c6b1dad2a8f1d4ce5f9844f91b1de5cbd20b8fdd1d388978f68a25922c4134,493c18d79845676d13589085ede26d9470a637e658520df53a0505d17ce63071,experiments/raw/RECON_20260908_PI_MAIN_S3P3_C4_R02
81,RECON_20260908_PI_MAIN_S3P3_C3_R02,RECON_20260908_PI_MAIN_S3P3_C3_R02,,ORIGINAL_ACCEPTED,S3P3,C3,2,MATCHED_S3P3_R02,6738418808919608595,TCP,10,2000,24.0,experiments/configs/targets/main_v1/broad_tcp_targets_main_v1.csv,d63ebaeb716d635f258d4b55ec5d5090d745dfe109335ee6aa5ea9e4d6570fdc,4a156b95fd3812931946c684ee5b32fb9866fe15677afaa48d515bc1906eeb7c,experiments/raw/RECON_20260908_PI_MAIN_S3P3_C3_R02/main_validation_auto_v1.json,3d0a95f52ae35919657fdfeff297541f2782303b68f32aa67b67d47caf04bf6f,38f48e630bd260e30dbefbaf183d46c5cd2505b28ea12fa9de4947fe7d86551a,a46d1d584cf3d52f9385319a61389adc13e1752a7d71d0eeae16c5302f5bc368,experiments/raw/RECON_20260908_PI_MAIN_S3P3_C3_R02
82,RECON_20260908_PI_MAIN_S3P3_C1_R02,RECON_20260908_PI_MAIN_S3P3_C1_R02,,ORIGINAL_ACCEPTED,S3P3,C1,2,MATCHED_S3P3_R02,6738418808919608595,TCP,10,2000,24.0,experiments/configs/targets/main_v1/broad_tcp_targets_main_v1.csv,d63ebaeb716d635f258d4b55ec5d5090d745dfe109335ee6aa5ea9e4d6570fdc,8472d4b2aeec6f71c920370d609ae30b8798ef2c29732f3a7349b822d1129077,experiments/raw/RECON_20260908_PI_MAIN_S3P3_C1_R02/main_validation_auto_v1.json,8dd2420f73942c012f586ecee87791291e25f55a39f9dc7e9c4fe582df1bdec1,099631c6636be5b68828304e819e623beb491eac6339e276b3fa9bf0a4d942ba,86558d8892a9b4857586f588438028505a1cb977fdd3ad9876b4c919ec969075,experiments/raw/RECON_20260908_PI_MAIN_S3P3_C1_R02
83,RECON_20260908_PI_MAIN_S0A_C0_T1_R03,RECON_20260908_PI_MAIN_S0A_C0_T1_R03,,ORIGINAL_ACCEPTED,S0A,C0_T1,3,OVERHEAD_R03,4944253455966496160,NONE,0,,22.0,experiments/configs/targets/main_v1/broad_tcp_targets_main_v1.csv,d63ebaeb716d635f258d4b55ec5d5090d745dfe109335ee6aa5ea9e4d6570fdc,69d8c126c1c460d1cb3f0537d7bfe6b66267a0428c5ab3fde0e41efe4e47de5c,experiments/raw/RECON_20260908_PI_MAIN_S0A_C0_T1_R03/main_validation_auto_v1.json,397206538f924f5ab02b09e82b99375272b783787b742db998cbbb9512bd2bfb,c670f782422f68cee9bd57b33fcc6511b7fb5966981d13f3bc93fc431e2afa22,83843f676c062bb18a58b58972e196036416f0150973e258236560d8bfaf1416,experiments/raw/RECON_20260908_PI_MAIN_S0A_C0_T1_R03
84,RECON_20260908_PI_MAIN_S0A_C0_T0_R03,RECON_20260908_PI_MAIN_S0A_C0_T0_R03,,ORIGINAL_ACCEPTED,S0A,C0_T0,3,OVERHEAD_R03,4944253455966496160,NONE,0,,22.0,experiments/configs/targets/main_v1/broad_tcp_targets_main_v1.csv,d63ebaeb716d635f258d4b55ec5d5090d745dfe109335ee6aa5ea9e4d6570fdc,6423150578b652d9780638af089aecd4c227c8a8b01146f058da707d8d92a8b2,experiments/raw/RECON_20260908_PI_MAIN_S0A_C0_T0_R03/main_validation_auto_v1.json,4a27e26a37743489a296ec959d159a1f76d292215c76bc0ab71e9fe2bd8254d5,346959dab6f2a4324cf587d28933016c026abfbc50b31bddfefeb9131c4289de,12018f0395f13cdd49d28d1396e7d9fe02b354b8e4e71ae3c3e49e9d7f51c2c4,experiments/raw/RECON_20260908_PI_MAIN_S0A_C0_T0_R03
85,RECON_20260908_PI_MAIN_S7L1_C3_R02,RECON_20260908_PI_MAIN_S7L1_C3_R02,,ORIGINAL_ACCEPTED,S7L1,C3,2,S7_R02,5602194519821542910,TCP,1024,1,30.0,experiments/configs/state_pressure/S7L1_targets.csv,c5f80e5428209051b7e9e1232f0d511c8570264003a27e14d36ab16cfb55d3b4,ad2bbd21a6076458c76d4bba58516c92b2c6759d8e36ef77dd1189f5fd0ee8ba,experiments/raw/RECON_20260908_PI_MAIN_S7L1_C3_R02/main_validation_auto_v1.json,7010f48750985480822dab3e44918ff36f0022006e58acf8699277cb2a5cc1ac,07800bbf3bbe7394de1c2672f0ac53d226f3937c732bcebbf0b78ecaf2d983a1,7071a15a44cd1e6456669e136d97d757200af5105733253b976be6589a215cd1,experiments/raw/RECON_20260908_PI_MAIN_S7L1_C3_R02
86,RECON_20260908_PI_MAIN_S7L2_C3_R02,RECON_20260908_PI_MAIN_S7L2_C3_R02,,ORIGINAL_ACCEPTED,S7L2,C3,2,S7_R02,2248025667832000446,TCP,3686,1,30.0,experiments/configs/state_pressure/S7L2_targets.csv,bb5a748410827600492951ccd3a349585da9e70ab4325d9e8b293be65ca67d9d,e1247bd37ebc49cf3f1272a6a2f9a467f79ecef9b9851cc78f1ed7151bcbe0b2,experiments/raw/RECON_20260908_PI_MAIN_S7L2_C3_R02/main_validation_auto_v1.json,53442964e4de31155bc98736f1c6ddd66613398d2edab148149f93c60edd506b,ff6c982b83269e647bf9189e2cb1fbed7b4bfe4ead6c361c025727f398bd0207,0c9a8888d41b3a57e21b56ec93ce796581a37f02ce6cbe94d48314484b19eb7d,experiments/raw/RECON_20260908_PI_MAIN_S7L2_C3_R02
87,RECON_20260908_PI_MAIN_S7L3_C3_R02,RECON_20260908_PI_MAIN_S7L3_C3_R02,,ORIGINAL_ACCEPTED,S7L3,C3,2,S7_R02,9037884517837639549,TCP,4608,1,60.0,experiments/configs/state_pressure/S7L3_targets.csv,da2959727930459b70efa553451d65bdc69862e299b044ed450a2ad0331c50f4,df1bd27dbdc22313fe7ee69383ca541915b5b51a1e79ad3d6d48a669c2d71b11,experiments/raw/RECON_20260908_PI_MAIN_S7L3_C3_R02/main_validation_auto_v1.json,35d3909324405acdc29ede49a874ad722210b0e2f7e4e9fc8b2f09cb05f96c2e,e62616c4e3b542c5b643a0631acffd43ee29ed4ab4e2afed88887ce6ed007981,5b5453cc039569549b4ee454d5cac1f920032b2bd4c2f45bf55e7caa6078a54e,experiments/raw/RECON_20260908_PI_MAIN_S7L3_C3_R02
88,RECON_20260908_PI_MAIN_S3P4_C2_R03,RECON_20260908_PI_MAIN_S3P4_C2_R03,,ORIGINAL_ACCEPTED,S3P4,C2,3,C2_R03_SCAN_114p0,4718873165633766029,TCP,10,12000,114.0,experiments/configs/targets/main_v1/broad_tcp_targets_main_v1.csv,d63ebaeb716d635f258d4b55ec5d5090d745dfe109335ee6aa5ea9e4d6570fdc,def7a454d998c199ade2ade42bbdd9c9533c8fb636c67191d89643465bad5025,experiments/raw/RECON_20260908_PI_MAIN_S3P4_C2_R03/main_validation_auto_v1.json,92b6087412a09db552b18e18380b8575517656e1cc17ff8fe6b299703eda972d,21d370d9d02e5912429f32745cb59af6860b4f8c112b02ef460d937b22f13c04,0754bc2300807c2f44d06fe3e0269a4ed82bfedec2ffe3217c4c1931ab9f4124,experiments/raw/RECON_20260908_PI_MAIN_S3P4_C2_R03
89,RECON_20260908_PI_MAIN_S2_C2_R03,RECON_20260908_PI_MAIN_S2_C2_R03,,ORIGINAL_ACCEPTED,S2,C2,3,C2_R03_SCAN_12p0,3609592068725696235,TCP,10,500,12.0,experiments/configs/targets/main_v1/broad_tcp_targets_main_v1.csv,d63ebaeb716d635f258d4b55ec5d5090d745dfe109335ee6aa5ea9e4d6570fdc,232319cde2fdcc7be50502a0c3bfe0b1447cd4bbcf6cb4a07dffe78293c91dbd,experiments/raw/RECON_20260908_PI_MAIN_S2_C2_R03/main_validation_auto_v1.json,25997a8734a4862af4706481ef1ae0e46e9cb7c306730f5824dc86015e8b3f08,f766d56379218937c4fbd3acfd9720aec05d9966e77e03a109dc7dfe2e9d77af,a01dbc5e367883e31b8e54b53704cbaf2574b611456883e9ddfc1be663e5e20c,experiments/raw/RECON_20260908_PI_MAIN_S2_C2_R03
90,RECON_20260908_PI_MAIN_S1_C2_R03,RECON_20260908_PI_MAIN_S1_C2_R03,,ORIGINAL_ACCEPTED,S1,C2,3,C2_R03_SCAN_12p0,2385423419746871645,TCP,10,250,12.0,experiments/configs/targets/main_v1/broad_tcp_targets_main_v1.csv,d63ebaeb716d635f258d4b55ec5d5090d745dfe109335ee6aa5ea9e4d6570fdc,5d63047b3b0218f706ff074cb91572d66ac8b9b322ab6cc4336cc7ffcdcfefff,experiments/raw/RECON_20260908_PI_MAIN_S1_C2_R03/main_validation_auto_v1.json,5e7fdbe998ec2dabb0c9cc04cf7c8980baa302259c3ab4f533343250d8a3c899,e217fd232b9392c8b60568b0d3416fb3888db402bcbb9fac4d8a5f8d23b543c9,bf43b702a8715b6bd48a10441b5c1842c45a3da1d09860bad48098a0c9c8bda9,experiments/raw/RECON_20260908_PI_MAIN_S1_C2_R03
91,RECON_20260908_PI_MAIN_S6A_C2_R03,RECON_20260908_PI_MAIN_S6A_C2_R03,,ORIGINAL_ACCEPTED,S6A,C2,3,C2_R03_SCAN_12p0,8800659305832244489,MIXED,6,250,12.0,experiments/configs/targets/main_v1/targeted_iot_targets_main_v1.csv,01064296f84cc5661e551ef2de74699f1705c5b0783ebc71751f34aafc33de1b,f2882fe55d046e3fc260a70dea46e5de6500a1622cfd08477678f5fd1596969b,experiments/raw/RECON_20260908_PI_MAIN_S6A_C2_R03/main_validation_auto_v1.json,d8d1e0f81daa32f54f08a57f02eaee31b536b0d99d5f3a4259d4fbef5864d609,9dd384cc1bf668e5794e2ed4c0bf73f6016bf0a3fd5ecb2d39179e27e5fcb837,ec04ba7befa9b164e14fc9df5369e8b191f3a7858f4d91e74caefca321f6a710,experiments/raw/RECON_20260908_PI_MAIN_S6A_C2_R03
92,RECON_20260908_PI_MAIN_S5_C2_R03,RECON_20260908_PI_MAIN_S5_C2_R03,,ORIGINAL_ACCEPTED,S5,C2,3,C2_R03_SCAN_12p0,5593754172359340609,MIXED,10,500,12.0,experiments/configs/targets/main_v1/mixed_targets_main_v1.csv,e4dbf91f6db4c46c41d12c5319e6b72824cfe2d33b2396433c28191b2a54fa39,069cc90447a478c852a39d9d8f9b92eeec9951c13b4fd94429f48207353adcbd,experiments/raw/RECON_20260908_PI_MAIN_S5_C2_R03/main_validation_auto_v1.json,36bdf34feb618552e658654aa794c74682a28ad6dbef3eec87268a6d43c34925,03e8cfb4565963eea87fb6c02b7df610f5bf42c2e21e478c7cbc8d229e7e5235,ec95c11e1cf24bc58c32e25d91bbf2ce9dd5b38540b6e95044d8b475c02cf3d1,experiments/raw/RECON_20260908_PI_MAIN_S5_C2_R03
93,RECON_20260908_PI_MAIN_S6B_C2_R03,RECON_20260908_PI_MAIN_S6B_C2_R03,,ORIGINAL_ACCEPTED,S6B,C2,3,C2_R03_SCAN_40p0,8997384043255522875,MIXED,6,1000,40.0,experiments/configs/targets/main_v1/targeted_iot_targets_main_v1.csv,01064296f84cc5661e551ef2de74699f1705c5b0783ebc71751f34aafc33de1b,fee22b83ef532881b54fcb796204133dfaf3f1966cf814ef04dc58b687034c50,experiments/raw/RECON_20260908_PI_MAIN_S6B_C2_R03/main_validation_auto_v1.json,fff07bcbfbc4092b9b03ac2fb0205e14f4a1caaa21c773c3dd2fe5a74fbc5489,6c73dfbc60d2e7ea2beb6fff379b49ec4f0670be31d0fb76e06d2e239ca76722,049c6fe81ae04176122799d90eaded270ce8dfd6c4b581f08027b93055374380,experiments/raw/RECON_20260908_PI_MAIN_S6B_C2_R03
94,RECON_20260908_PI_MAIN_S1_C1_R01,RECON_20260908_PI_MAIN_S1_C1_R01,,ORIGINAL_ACCEPTED,S1,C1,1,MATCHED_S1_R01,3635626954574171177,TCP,10,250,12.0,experiments/configs/targets/main_v1/broad_tcp_targets_main_v1.csv,d63ebaeb716d635f258d4b55ec5d5090d745dfe109335ee6aa5ea9e4d6570fdc,e9396c1cc8f11119bcd2fcb1c5c35a730a9f363e92512f42b3342ac58eb3eb4e,experiments/raw/RECON_20260908_PI_MAIN_S1_C1_R01/main_validation_auto_v1.json,6f1b61d31e223326a1b64d195fc5566f583a127d5a9112f024f8f8d48dafb9a9,9232256a5a2a759d3b3de1f8e83a33cd7f6e4960b90fdb7981c0c495b54382e5,441fbc582dc1584f724c5dc1530c17b05cbeb8959884f557e8b9472674095407,experiments/raw/RECON_20260908_PI_MAIN_S1_C1_R01
95,RECON_20260908_PI_MAIN_S1_C4_R01,RECON_20260908_PI_MAIN_S1_C4_R01,,ORIGINAL_ACCEPTED,S1,C4,1,MATCHED_S1_R01,3635626954574171177,TCP,10,250,12.0,experiments/configs/targets/main_v1/broad_tcp_targets_main_v1.csv,d63ebaeb716d635f258d4b55ec5d5090d745dfe109335ee6aa5ea9e4d6570fdc,b8dd447856a0a7fa84b525dff3f5700d601e2ec320d1b09a72410cc539197b9f,experiments/raw/RECON_20260908_PI_MAIN_S1_C4_R01/main_validation_auto_v1.json,774d6872f39aa2f409a18b877103f41e429ceeeeb1f6d0d9e86a36514551400a,70c0eb11af4039099a26d83afb514ebeecc59bd3d1001b323a7b3922602300e2,ecd21f811a9d480e4a3142f881a529a98ac854ebf3af4f70579c27642065e7e7,experiments/raw/RECON_20260908_PI_MAIN_S1_C4_R01
96,RECON_20260908_PI_MAIN_S1_C3_R01,RECON_20260908_PI_MAIN_S1_C3_R01,,ORIGINAL_ACCEPTED,S1,C3,1,MATCHED_S1_R01,3635626954574171177,TCP,10,250,12.0,experiments/configs/targets/main_v1/broad_tcp_targets_main_v1.csv,d63ebaeb716d635f258d4b55ec5d5090d745dfe109335ee6aa5ea9e4d6570fdc,b88446a35e1f5a9d771a162e91935cb0af0f9fa57c072d37ccf37fd0f7664b99,experiments/raw/RECON_20260908_PI_MAIN_S1_C3_R01/main_validation_auto_v1.json,7fe09502ed7e8b6b8a9b06e1619aa15ef01a6eb0beb7b7c56cecb989e46470b8,d1300daabec0a4fce0fc4ba7a5a0ec53805669a9c54864076ed403be08543972,53ee54d00c24fb21298d484ba293f3225f1ff12e0da806b7784361f7843e9f0a,experiments/raw/RECON_20260908_PI_MAIN_S1_C3_R01
97,RECON_20260908_PI_MAIN_S4_C3_R01,RECON_20260908_PI_MAIN_S4_C3_R01,,ORIGINAL_ACCEPTED,S4,C3,1,STANDALONE_S4_R01,4751335944893206463,UDP,10,250,22.0,experiments/configs/targets/main_v1/udp_targets_main_v1.csv,4a0792073551dcee76b9f55fa797e6ba88be819349b7ec0b2b6a507533252f5c,5ff8295309f280c4a200aa5bc145f6d5f2ca76367d02cb9b52e815a164022c2a,experiments/raw/RECON_20260908_PI_MAIN_S4_C3_R01/main_validation_auto_v1.json,a6ba6a980f6dfce52910480a3a57463b63b15df6886e3868cdcad1adfa12bc63,b4cf74ae275a67ed4ad60b9de8575cc3993014cee41fe1e83a06092e08a878ae,887a83029a4af14f8a2190a22c3b4effbc56ce59a2e9457a965deb06e1a145a6,experiments/raw/RECON_20260908_PI_MAIN_S4_C3_R01
98,RECON_20260908_PI_MAIN_S3P3_C2_R05,RECON_20260908_PI_MAIN_S3P3_C2_R05,,ORIGINAL_ACCEPTED,S3P3,C2,5,C2_R05_SCAN_24p0,7368726453738893228,TCP,10,2000,24.0,experiments/configs/targets/main_v1/broad_tcp_targets_main_v1.csv,d63ebaeb716d635f258d4b55ec5d5090d745dfe109335ee6aa5ea9e4d6570fdc,e643a3cb77a682f28fa0156ca35e47cf6e4a04d6e16549f6f5c8bca67df368a8,experiments/raw/RECON_20260908_PI_MAIN_S3P3_C2_R05/main_validation_auto_v1.json,bbdb263a7d4ee04b9163b177816549425aa050b5b65a6e3cd7b8ee4c6e5af996,cd735e9f59bfeacae3cb0f572eaacea3767b1a31a05d809e68e4a839309f12bc,d312c62150a69f5aab001c755622ae709a108cfe5aa2433c41be8b481a99a1f9,experiments/raw/RECON_20260908_PI_MAIN_S3P3_C2_R05
99,RECON_20260908_PI_MAIN_S0B_C2_R05,RECON_20260908_PI_MAIN_S0B_C2_R05,,ORIGINAL_ACCEPTED,S0B,C2,5,C2_R05_SCAN_24p0,8547915594593128360,NONE,0,,24.0,experiments/configs/targets/benign_diverse_targets.csv,fc1c0d1422dfb62e60de2708821850d92b493aa6a3e188d608dca5c66e7573fc,358784c8fafa9ff2cd82a5c3e1eef4619ff970520bb2e95915496020eb49e7f7,experiments/raw/RECON_20260908_PI_MAIN_S0B_C2_R05/main_validation_auto_v1.json,98f274eb85730dbbc75a34be60e20ccb0c04ef16acd4ced9ad82ce26f3fa0801,c338856dcd174f686f08bf1eec5861a76233d11a15d706e8bb5812665815c3ec,561ae0fd08a1b8aabb26d78a8a429beef6893d0b066923b2a65cbba207bfc977,experiments/raw/RECON_20260908_PI_MAIN_S0B_C2_R05
100,RECON_20260908_PI_MAIN_S3P2_C2_R03,RECON_20260908_PI_MAIN_S3P2_C2_R03,,ORIGINAL_ACCEPTED,S3P2,C2,3,C2_R03_SCAN_21p0,6887204006008139200,TCP,10,1600,21.0,experiments/configs/targets/main_v1/broad_tcp_targets_main_v1.csv,d63ebaeb716d635f258d4b55ec5d5090d745dfe109335ee6aa5ea9e4d6570fdc,6ee8641c32958247939bc1aab6e8e1d365c36ab076739e3822644f70dcf8f96b,experiments/raw/RECON_20260908_PI_MAIN_S3P2_C2_R03/main_validation_auto_v1.json,55e59a2dc5dca2270d591f3f7adb54e9fe136ef5d6bf69ec4832f521b577d739,1bcc9564b2a42941f7427ef0106dbf7fe3b4c43b23a0c78903ec28f0f8367a03,c09ce5a582eaf596169f14f23273708d11b2821d52ddf09c86c1120d2a6a5ddf,experiments/raw/RECON_20260908_PI_MAIN_S3P2_C2_R03
101,RECON_20260908_PI_MAIN_S0B_C2_R03,RECON_20260908_PI_MAIN_S0B_C2_R03,,ORIGINAL_ACCEPTED,S0B,C2,3,C2_R03_SCAN_24p0,6197555204566479533,NONE,0,,24.0,experiments/configs/targets/benign_diverse_targets.csv,fc1c0d1422dfb62e60de2708821850d92b493aa6a3e188d608dca5c66e7573fc,53f84e7b787fe7ada175fa425b22398e266daf7e499490fe7933f519184734b7,experiments/raw/RECON_20260908_PI_MAIN_S0B_C2_R03/main_validation_auto_v1.json,11e0da9417ca8e2c64a4edaa912cc931d68f29be4b49aed4e8e49a5540dacbc5,b7290a323cb09150950f10bb5efeda03af0860506dd2a0210f52a5858a11f5dd,f19246fcfb59caa43677be151c774c8a59a5ac5e4823e39ca3d386f939d75216,experiments/raw/RECON_20260908_PI_MAIN_S0B_C2_R03
102,RECON_20260908_PI_MAIN_S3P3_C2_R03,RECON_20260908_PI_MAIN_S3P3_C2_R03,,ORIGINAL_ACCEPTED,S3P3,C2,3,C2_R03_SCAN_24p0,7463260774621527860,TCP,10,2000,24.0,experiments/configs/targets/main_v1/broad_tcp_targets_main_v1.csv,d63ebaeb716d635f258d4b55ec5d5090d745dfe109335ee6aa5ea9e4d6570fdc,932d7f7d8ccde7deb0892ff373c457a440d0357429a89cc2c1027e941b30c2fa,experiments/raw/RECON_20260908_PI_MAIN_S3P3_C2_R03/main_validation_auto_v1.json,5356780228b39cf4a40bd5646924b112462068b81c55afdc31e7a65e994a30dc,16cf6637ccdf55f9197dc3022bb5cbc6e5e50df425b29df1d0a940fb69ffe766,b08b2fc526e30f5a637728e206f54efc914dc71df14ba0978357aad27355893d,experiments/raw/RECON_20260908_PI_MAIN_S3P3_C2_R03
103,RECON_20260908_PI_MAIN_S6B_C3_R01,RECON_20260908_PI_MAIN_S6B_C3_R01,,ORIGINAL_ACCEPTED,S6B,C3,1,STANDALONE_S6B_R01,8909916251273395171,MIXED,6,1000,40.0,experiments/configs/targets/main_v1/targeted_iot_targets_main_v1.csv,01064296f84cc5661e551ef2de74699f1705c5b0783ebc71751f34aafc33de1b,33c778153891ee679e101211162cf1841eed38154029fc2358cbdffdbe9a92ef,experiments/raw/RECON_20260908_PI_MAIN_S6B_C3_R01/main_validation_auto_v1.json,40016e6be30cc4e863b5345df207bfc9283fffd63b27780ee7ef671533923170,7dc01089838256f983e6240b6b15348254fc0a3235809ea24145d86e261374ab,945e4955c2ac7fbb88b8ad4ed7fa28b06393757a88010d683a1b476ed83cac4b,experiments/raw/RECON_20260908_PI_MAIN_S6B_C3_R01
104,RECON_20260908_PI_MAIN_S0A_C3_R02,RECON_20260908_PI_MAIN_S0A_C3_R02,,ORIGINAL_ACCEPTED,S0A,C3,2,STANDALONE_S0A_R02,6983382161474655667,NONE,0,,22.0,experiments/configs/targets/main_v1/broad_tcp_targets_main_v1.csv,d63ebaeb716d635f258d4b55ec5d5090d745dfe109335ee6aa5ea9e4d6570fdc,a21fa6efa796b19b65addcde2aef30fbcb123c2deee9843d8a5030d52e944bd4,experiments/raw/RECON_20260908_PI_MAIN_S0A_C3_R02/main_validation_auto_v1.json,d7c8c308bd2247f0dac14745d7380c01c10cd57b5d99c8f64d6c017d50d02f42,88a7f73a698017565e74c3a547a8068e8d6561e874b90cf8ace4409e64c3d5d9,fba63db1c942be9cda3f5d63eb1a1cd9de2dadcac0731d4d2e09d554acec3964,experiments/raw/RECON_20260908_PI_MAIN_S0A_C3_R02
105,RECON_20260908_PI_MAIN_S6B_C3_R05,RECON_20260908_PI_MAIN_S6B_C3_R05,,ORIGINAL_ACCEPTED,S6B,C3,5,STANDALONE_S6B_R05,5261714730019291095,MIXED,6,1000,40.0,experiments/configs/targets/main_v1/targeted_iot_targets_main_v1.csv,01064296f84cc5661e551ef2de74699f1705c5b0783ebc71751f34aafc33de1b,437b749307bb3c4cf4359bffb972bdd3e118e7561e55cb614f70b00f1cec9f05,experiments/raw/RECON_20260908_PI_MAIN_S6B_C3_R05/main_validation_auto_v1.json,491826a903d27f215fff370646af0d156e52d3fcb0219a19c808540319276d45,e72290fedcf6dd3cc8d537279709a613297299c3e2257ec94db8919300d5bf88,0cf0a134908c42721e39e1c3936249a8445503d467a3a52b301039c94faf0015,experiments/raw/RECON_20260908_PI_MAIN_S6B_C3_R05
106,RECON_20260908_PI_MAIN_S0B_C2_R04,RECON_20260908_PI_MAIN_S0B_C2_R04,,ORIGINAL_ACCEPTED,S0B,C2,4,C2_R04_SCAN_24p0,905555721088786728,NONE,0,,24.0,experiments/configs/targets/benign_diverse_targets.csv,fc1c0d1422dfb62e60de2708821850d92b493aa6a3e188d608dca5c66e7573fc,33179c870cb98354edce38d63168fa7fc1b0459424b894f5faa17f0cfc86f3b7,experiments/raw/RECON_20260908_PI_MAIN_S0B_C2_R04/main_validation_auto_v1.json,ed4e65218286e5a121e583febe512edb4caae891817dc2db5b10b2d61b5245c7,10e5c010bbf4dfbe4f1fc711f559f87c33e86b7d6bb2e9bf2a6a34c481b5538d,bf1d1087d6f49cf509ff65040f46f33fd57ae15dc95d0920ddc23381bc664d9a,experiments/raw/RECON_20260908_PI_MAIN_S0B_C2_R04
107,RECON_20260908_PI_MAIN_S3P3_C2_R04,RECON_20260908_PI_MAIN_S3P3_C2_R04,,ORIGINAL_ACCEPTED,S3P3,C2,4,C2_R04_SCAN_24p0,1551295374371345389,TCP,10,2000,24.0,experiments/configs/targets/main_v1/broad_tcp_targets_main_v1.csv,d63ebaeb716d635f258d4b55ec5d5090d745dfe109335ee6aa5ea9e4d6570fdc,d543b5669a85e1d56f7ff6f4509056253a1746ef824bd738be6e7e0faf860371,experiments/raw/RECON_20260908_PI_MAIN_S3P3_C2_R04/main_validation_auto_v1.json,635b5ee080f6b6c261a9902e854bcd0a57053fedc6d23624dad8c717d5dc78f8,a64af35a6d6ed6c49941a285bd4a0483c69b52a87c36acb9d333736869c8e0f8,3d378586ffbc320facf8a1151fd84180172f15e8f4fb8770169267504c1d3baf,experiments/raw/RECON_20260908_PI_MAIN_S3P3_C2_R04
108,RECON_20260908_PI_MAIN_S0A_C3_R01,RECON_20260908_PI_MAIN_S0A_C3_R01,,ORIGINAL_ACCEPTED,S0A,C3,1,STANDALONE_S0A_R01,530759494310193868,NONE,0,,22.0,experiments/configs/targets/main_v1/broad_tcp_targets_main_v1.csv,d63ebaeb716d635f258d4b55ec5d5090d745dfe109335ee6aa5ea9e4d6570fdc,cc27b3a1074af523e28a2da7131693d5ef7487cf053e268bb52ff02dd537d35c,experiments/raw/RECON_20260908_PI_MAIN_S0A_C3_R01/main_validation_auto_v1.json,02f8df782c62fd80960dff4c9931ce2d6b2a5689f79b6e2c3020a86cfd73e072,7e6f990ab5bf297f7694625038e64dcf077e4e09064dba61e899791802ddc5a7,9d74968a07231113f72926c48aa5ca0ba4b59fb6f2b2c014ff6478c64645addc,experiments/raw/RECON_20260908_PI_MAIN_S0A_C3_R01
109,RECON_20260908_PI_MAIN_S6B_C2_R05,RECON_20260908_PI_MAIN_S6B_C2_R05,,ORIGINAL_ACCEPTED,S6B,C2,5,C2_R05_SCAN_40p0,5261714730019291095,MIXED,6,1000,40.0,experiments/configs/targets/main_v1/targeted_iot_targets_main_v1.csv,01064296f84cc5661e551ef2de74699f1705c5b0783ebc71751f34aafc33de1b,d4b6f2379434d885642bc327fd2c0c24c86d401be773109bd532e11f3b90dce3,experiments/raw/RECON_20260908_PI_MAIN_S6B_C2_R05/main_validation_auto_v1.json,4cbf57146f546a4c25c552a780be33301ffa05cb680c57b905b95298d12c10b1,8f3ff17bbab8bc3e69224aeb587050c157f320bef262ad411b6f5d7d9b951994,b28eac828f81e9a6fd4f29880f0ee20e828083384f9f9efec33e2a89d5686a08,experiments/raw/RECON_20260908_PI_MAIN_S6B_C2_R05
110,RECON_20260908_PI_MAIN_S4_C3_R02,RECON_20260908_PI_MAIN_S4_C3_R02,,ORIGINAL_ACCEPTED,S4,C3,2,STANDALONE_S4_R02,7137591416795289606,UDP,10,250,22.0,experiments/configs/targets/main_v1/udp_targets_main_v1.csv,4a0792073551dcee76b9f55fa797e6ba88be819349b7ec0b2b6a507533252f5c,fede2d5c426e4328470cf7ea0f84596660af6ecf94e601ab96e521630dee82ca,experiments/raw/RECON_20260908_PI_MAIN_S4_C3_R02/main_validation_auto_v1.json,ceefaa702f0bbbbf62116c7e90a73909b4fcddf47ef239c0af802d912c938c61,7f3db9e6ad3341bcf0389a6c8c619eb188712b8a78f21dbf3d5e8cfb8461811a,45e9a283f25abc94ebb9e238cdcdcab7897b650c3fbf4de38f07c881e42593f8,experiments/raw/RECON_20260908_PI_MAIN_S4_C3_R02
111,RECON_20260908_PI_MAIN_S0A_C3_R04,RECON_20260908_PI_MAIN_S0A_C3_R04,,ORIGINAL_ACCEPTED,S0A,C3,4,STANDALONE_S0A_R04,7595065002470426767,NONE,0,,22.0,experiments/configs/targets/main_v1/broad_tcp_targets_main_v1.csv,d63ebaeb716d635f258d4b55ec5d5090d745dfe109335ee6aa5ea9e4d6570fdc,e04c2c6d001b2a8f775bcb977715370c6498f72a343fcddaf4cd1a3fe17ec8b9,experiments/raw/RECON_20260908_PI_MAIN_S0A_C3_R04/main_validation_auto_v1.json,e7fb0ab4fd64fffe0dd9562e8ae6878b39a1cbc169e194803951f3c2f900bf1b,0b95b7cee49fe8efe5378f011de3c674305639f4df2577818f448e62afc07cee,d76292387d8337c0134e61a0821babff5239a65b516686fe9ca330bb7a7e5504,experiments/raw/RECON_20260908_PI_MAIN_S0A_C3_R04
112,RECON_20260908_PI_MAIN_S1_C2_R04,RECON_20260908_PI_MAIN_S1_C2_R04,,ORIGINAL_ACCEPTED,S1,C2,4,C2_R04_SCAN_12p0,5798949736423142048,TCP,10,250,12.0,experiments/configs/targets/main_v1/broad_tcp_targets_main_v1.csv,d63ebaeb716d635f258d4b55ec5d5090d745dfe109335ee6aa5ea9e4d6570fdc,927820a0f3ad5da18a955cf9ab2f96faf52ca9e076d3125520d3b335c9005fd7,experiments/raw/RECON_20260908_PI_MAIN_S1_C2_R04/main_validation_auto_v1.json,3300379e238014b5022fafef9e6476fe82e1ceb8dd561a2904fe718d98809ab7,7340406ae99701678f02800fcd95b942611d899b003c1dac9a3f21050cb34cf7,923da2dc742a1ffcb5c236a2621505464c463867dde5a70d26cf696f82dda8dc,experiments/raw/RECON_20260908_PI_MAIN_S1_C2_R04
113,RECON_20260908_PI_MAIN_S0B_C3_R01,RECON_20260908_PI_MAIN_S0B_C3_R01,,ORIGINAL_ACCEPTED,S0B,C3,1,STANDALONE_S0B_R01,7488687273195644305,NONE,0,,24.0,experiments/configs/targets/benign_diverse_targets.csv,fc1c0d1422dfb62e60de2708821850d92b493aa6a3e188d608dca5c66e7573fc,64c05906668be4da545b02f8a5f6876660dd098e5a9304350a15451cbfbf24d0,experiments/raw/RECON_20260908_PI_MAIN_S0B_C3_R01/main_validation_auto_v1.json,05bbc6c38bbd08b662ec0903a58d494067a096e0b212c53a7277019d79bd3484,e7b58dcbd30d15bc96eff887d8301dfa89377928ec144f78d9ad2c17c99cf579,c707d78259ef83c75b5075b30f4d2e26e37c40bd9e135da896c8bd2afd24f60e,experiments/raw/RECON_20260908_PI_MAIN_S0B_C3_R01
114,RECON_20260908_PI_MAIN_S3P1_C2_R03,RECON_20260908_PI_MAIN_S3P1_C2_R03,,ORIGINAL_ACCEPTED,S3P1,C2,3,C2_R03_SCAN_15p0,1043188644327682241,TCP,10,1000,15.0,experiments/configs/targets/main_v1/broad_tcp_targets_main_v1.csv,d63ebaeb716d635f258d4b55ec5d5090d745dfe109335ee6aa5ea9e4d6570fdc,fecab63548b36e9c8472acb3a84167263ecafc5506d9d17a76f5622b56e86585,experiments/raw/RECON_20260908_PI_MAIN_S3P1_C2_R03/main_validation_auto_v1.json,a616bdd4d08277fadadbda9f116e827445cf2a50a61166f5ab82aef0e03c488f,e15c95489d5d0de182a5c893437042ff3bb22206aa17be7dbb51738c610a8de6,6246ef41baceb2c3f7cd8de6ff1e980b2c0478dc1897399d260f6249be82a598,experiments/raw/RECON_20260908_PI_MAIN_S3P1_C2_R03
115,RECON_20260908_PI_MAIN_S5_C3_R04,RECON_20260908_PI_MAIN_S5_C3_R04,,ORIGINAL_ACCEPTED,S5,C3,4,STANDALONE_S5_R04,7677540127732578839,MIXED,10,500,12.0,experiments/configs/targets/main_v1/mixed_targets_main_v1.csv,e4dbf91f6db4c46c41d12c5319e6b72824cfe2d33b2396433c28191b2a54fa39,22a51be07523e6ed075ff7b5549b12b6c93be0a47d27cceb8d72455bfe2a69e9,experiments/raw/RECON_20260908_PI_MAIN_S5_C3_R04/main_validation_auto_v1.json,267620b5b3e4f65c088774909aa22af69ad30d46df39e573071316e38faf2971,c4041b1042ce14566d21bf11bec4a9b20f8d10012db6f28de3fbfbfd0c6bf0f7,6f5317d6134cc27ed75bd1a6b984458ed502adf889e35f5921d78151d9fde260,experiments/raw/RECON_20260908_PI_MAIN_S5_C3_R04
116,RECON_20260908_PI_MAIN_S6B_C3_R03,RECON_20260908_PI_MAIN_S6B_C3_R03,,ORIGINAL_ACCEPTED,S6B,C3,3,STANDALONE_S6B_R03,8997384043255522875,MIXED,6,1000,40.0,experiments/configs/targets/main_v1/targeted_iot_targets_main_v1.csv,01064296f84cc5661e551ef2de74699f1705c5b0783ebc71751f34aafc33de1b,17d858549d592e3022524e2605f4100e83edac14b80f75e8ae706cc55394e8b0,experiments/raw/RECON_20260908_PI_MAIN_S6B_C3_R03/main_validation_auto_v1.json,4dbf36d58389fb6ed0ceba8711a9fd8123ed8cbd8974eb90a228dedaf89d0016,1bf737c8cbbd4ba5d6bbeab0d0e7f629523dd47f44d64a7d5154e6c650cfe384,45fcf7829ea83f490a0e80f93a9994e2cf36369e31d7eee14d259ce1ec531dc0,experiments/raw/RECON_20260908_PI_MAIN_S6B_C3_R03
117,RECON_20260908_PI_MAIN_S4_C3_R04,RECON_20260908_PI_MAIN_S4_C3_R04,,ORIGINAL_ACCEPTED,S4,C3,4,STANDALONE_S4_R04,2244168523270381401,UDP,10,250,22.0,experiments/configs/targets/main_v1/udp_targets_main_v1.csv,4a0792073551dcee76b9f55fa797e6ba88be819349b7ec0b2b6a507533252f5c,ed3e1a8a5fd07dd9164fc668506c87ac0e7deed49fadcd3ea16693a740a59d9c,experiments/raw/RECON_20260908_PI_MAIN_S4_C3_R04/main_validation_auto_v1.json,969b2cfb2590a48ea0900de9aaf0e1d692c047f5d6e6e3603b27ad1d121aee5e,046f8d3f866fd75c9d880d44987adee003ecb837f3d87ecaeca5eb7d005172bd,a5fa4abeeed85bc29d60a0a062288b46c5f4a1bec6f830f823ffe965d75ee96a,experiments/raw/RECON_20260908_PI_MAIN_S4_C3_R04
118,RECON_20260908_PI_MAIN_S0A_C0_T1_R02,RECON_20260908_PI_MAIN_S0A_C0_T1_R02,,ORIGINAL_ACCEPTED,S0A,C0_T1,2,OVERHEAD_R02,6983382161474655667,NONE,0,,22.0,experiments/configs/targets/main_v1/broad_tcp_targets_main_v1.csv,d63ebaeb716d635f258d4b55ec5d5090d745dfe109335ee6aa5ea9e4d6570fdc,031ad9a8f945d2d371532b2765f4a892965bf563bf87c89d77f57465ac624629,experiments/raw/RECON_20260908_PI_MAIN_S0A_C0_T1_R02/main_validation_auto_v1.json,4087ce4592dcc2eeff5a9b6b980f6e30161765c9a011eb73988003f56a238748,2feff22415ad1593f59bd40e231b1def48dc9586bd829682cc68b45f710a0fb0,afe5b81a686edeab1ff8b3167382925dc66b0f68ebfa15121414e6de1122714e,experiments/raw/RECON_20260908_PI_MAIN_S0A_C0_T1_R02
119,RECON_20260908_PI_MAIN_S0A_C0_T0_R02,RECON_20260908_PI_MAIN_S0A_C0_T0_R02,,ORIGINAL_ACCEPTED,S0A,C0_T0,2,OVERHEAD_R02,6983382161474655667,NONE,0,,22.0,experiments/configs/targets/main_v1/broad_tcp_targets_main_v1.csv,d63ebaeb716d635f258d4b55ec5d5090d745dfe109335ee6aa5ea9e4d6570fdc,fc77887aee63e0f5ecd5a4ff057f2653853e45cd103f75275e56e5695de2a07e,experiments/raw/RECON_20260908_PI_MAIN_S0A_C0_T0_R02/main_validation_auto_v1.json,5c14ceab136cc0365d03bfce99d0ddf35c1f386e19c50c851de0a5b5588f813b,c4931c0c2037495f385647fd04471f5cb1a17622c0490eaddc38ed6409542bd6,64f9df99808ebfeb71b2273cd8ee9124a61b9d0f5d6c85bff1ac5d4f24466c6c,experiments/raw/RECON_20260908_PI_MAIN_S0A_C0_T0_R02
120,RECON_20260908_PI_MAIN_S3P3_C1_R01,RECON_20260908_PI_MAIN_S3P3_C1_R01,,ORIGINAL_ACCEPTED,S3P3,C1,1,MATCHED_S3P3_R01,344322987200046027,TCP,10,2000,24.0,experiments/configs/targets/main_v1/broad_tcp_targets_main_v1.csv,d63ebaeb716d635f258d4b55ec5d5090d745dfe109335ee6aa5ea9e4d6570fdc,1f84903bb4913ace24af6e933565d43ea2b9d568dea8318d97aa7cb9175f566f,experiments/raw/RECON_20260908_PI_MAIN_S3P3_C1_R01/main_validation_auto_v1.json,88f879d03651516ae3f4eb73cd8e57c6e18ce157583117e6ef91803ec1a8681d,21040d8f472141f769442383157cd2b893f27e899baad153ebe432b47c05b794,297120f451c8ca7921be47ef43b2f1599b6ef7abe9932f0a2108f3585b989255,experiments/raw/RECON_20260908_PI_MAIN_S3P3_C1_R01
121,RECON_20260908_PI_MAIN_S3P3_C4_R01,RECON_20260908_PI_MAIN_S3P3_C4_R01,,ORIGINAL_ACCEPTED,S3P3,C4,1,MATCHED_S3P3_R01,344322987200046027,TCP,10,2000,24.0,experiments/configs/targets/main_v1/broad_tcp_targets_main_v1.csv,d63ebaeb716d635f258d4b55ec5d5090d745dfe109335ee6aa5ea9e4d6570fdc,d0678601edf2e461a3070727225efa5877068c79c82a60adee23bbb62fde0454,experiments/raw/RECON_20260908_PI_MAIN_S3P3_C4_R01/main_validation_auto_v1.json,c1cd5880a399ba51710c36b0825c505741716f240a4de435f6c4b7942d821e84,5e48be74d04a8a4f9e12f8f33a3cab093a0db280a0bb23092bfabefde8a126f2,219012db1ff390a2b1cf111cfc907507e55dbd4010b1ff6a6fb0f75427af073f,experiments/raw/RECON_20260908_PI_MAIN_S3P3_C4_R01
122,RECON_20260908_PI_MAIN_S3P3_C3_R01,RECON_20260908_PI_MAIN_S3P3_C3_R01,,ORIGINAL_ACCEPTED,S3P3,C3,1,MATCHED_S3P3_R01,344322987200046027,TCP,10,2000,24.0,experiments/configs/targets/main_v1/broad_tcp_targets_main_v1.csv,d63ebaeb716d635f258d4b55ec5d5090d745dfe109335ee6aa5ea9e4d6570fdc,22900a52aa728b746c7f867b90e1d5b81e9aa984c94a969099695b28090eee53,experiments/raw/RECON_20260908_PI_MAIN_S3P3_C3_R01/main_validation_auto_v1.json,91fd024c319de47413ed64084d8b830cfc5572f5c4c51e6c8ce702a337d403b6,706ef1bf70ab4cb4504052dd0542009394c5c3a814df3aa8eb106b13a7220057,69781b94d0f777f70ba0b62fadb05611d23fd3341a009469fd2a518dd59fcb88,experiments/raw/RECON_20260908_PI_MAIN_S3P3_C3_R01
123,RECON_20260908_PI_MAIN_S4_C2_R03,RECON_20260908_PI_MAIN_S4_C2_R03,,ORIGINAL_ACCEPTED,S4,C2,3,C2_R03_SCAN_22p0,6294456640517241219,UDP,10,250,22.0,experiments/configs/targets/main_v1/udp_targets_main_v1.csv,4a0792073551dcee76b9f55fa797e6ba88be819349b7ec0b2b6a507533252f5c,6c263d17a540758adb01f72f0f2ec274a51c53d88046f8fdf162758112388230,experiments/raw/RECON_20260908_PI_MAIN_S4_C2_R03/main_validation_auto_v1.json,06d2487b042efb0bf4a13c9d80b859d0df8b44450eefd452fc5fdd744ac8bee7,17ecec0d7c21355d6167d2ae5f9c0a460f4b245de3e7f60acbfa1d27b32e2c78,121ac0dc5ae77ceaa2ad25f332bec77c53cb486dc941a9987f475f518701210c,experiments/raw/RECON_20260908_PI_MAIN_S4_C2_R03
124,RECON_20260908_PI_MAIN_S0A_C2_R03,RECON_20260908_PI_MAIN_S0A_C2_R03,,ORIGINAL_ACCEPTED,S0A,C2,3,C2_R03_SCAN_22p0,4944253455966496160,NONE,0,,22.0,experiments/configs/targets/main_v1/broad_tcp_targets_main_v1.csv,d63ebaeb716d635f258d4b55ec5d5090d745dfe109335ee6aa5ea9e4d6570fdc,293b6cc6a8c724e74390c4d3ed74719448ef75911200cef7d731a6211259478c,experiments/raw/RECON_20260908_PI_MAIN_S0A_C2_R03/main_validation_auto_v1.json,d58a424cd129134b747679b8ff7afa6f3a190ea9403ea6016d8a95c62152c9dc,90420bb8698377d96e5d0b08d35961e6bf2a672de6be0fd47c3c439979728b7f,39a7c36600c8289c6285a4cdf5a8c838dfa58fcbde92811a4a07d91028d06b9e,experiments/raw/RECON_20260908_PI_MAIN_S0A_C2_R03
