schedule_order,scheduled_run_id,scientific_run_id,retry_of,provenance,scenario,configuration,repetition,randomization_block,random_seed,protocol_mode,planned_probe_count,probe_interval_ms,scan_s,pcpe_applicable,detected,mitigation_installed,t0_ns,tD_ns,tM_ns,tE_ns,tE_lower_ns,tE_upper_ns,tE_status,pcpe_d_ms,pcpe_m_ms,pcpe_e_ms,pcpe_e_lower_ms,pcpe_e_upper_ms,apply_count,remove_count,hypothetical_apply_count,telemetry_update_ok,telemetry_insert_fail,map_errors,attempt_saturated,active_quarantine_drop,nft_drop_packets,resource_samples,cpu_mean_percent,cpu_max_percent,load_1m_mean,temperature_mean_c,temperature_max_c,controller_rss_mean_kb,controller_rss_max_kb,mqtt_rows,mqtt_success,mqtt_success_rate,mqtt_latency_mean_ms,coap_rows,coap_success,coap_timeout,coap_success_rate,coap_rtt_mean_ms,http_rows,http_success,http_timeout,http_success_rate,http_latency_mean_ms,runtime_manifest_sha256,validation_sha256
1,RECON_20260908_PI_MAIN_S3P1_C2_R05,RECON_20260908_PI_MAIN_S3P1_C2_R05,,ORIGINAL_ACCEPTED,S3P1,C2,5,C2_R05_SCAN_15p0,6408354956546321736,TCP,10,1000,15.0,1,1,0,562764275847610,562768454827634,,,,,ALERT_ONLY,4178.980024,,,,,0,0,1,10,0,0,0,0,0,28,1.1890024642857142,8.0,0.033743607142857145,66.32235714285714,68.653,2192,2192,0,0,,,0,0,0,,,0,0,0,,,6150e27b3b6e2cef3f04d6b729b34f259fa6058b2897813eb3b7e4fe86af7f8b,e21ed9347d82fb42e0c28726d2624608cef5600420c52d198bf105041c2684d2
2,RECON_20260908_PI_MAIN_S0B_C3_R04,RECON_20260908_PI_MAIN_S0B_C3_R04,,ORIGINAL_ACCEPTED,S0B,C3,4,STANDALONE_S0B_R04,905555721088786728,NONE,0,,24.0,0,0,0,,,,,,,NOT_APPLICABLE,,,,,,0,0,0,90,0,0,0,0,0,34,2.5397926470588237,12.311558,0.008157058823529411,66.44717647058823,67.192,2172,2172,40,40,1.0,8.616387725,40,40,0,1.0,13.944259825,40,40,0,1.0,25.57923095,03d93bab5c067de27bf7b994ac34eaf9ce72fd5b19e15cb701b9ca0cf0bc336a,e2c0c618f3eeccb22057ca3a7f5fa6e9d34c60b663d53e0f0fa6f0d412c77a6c
3,RECON_20260908_PI_MAIN_S1_C4_R04,RECON_20260908_PI_MAIN_S1_C4_R04,,ORIGINAL_ACCEPTED,S1,C4,4,MATCHED_S1_R04,5798949736423142048,TCP,10,250,12.0,1,1,1,564033959246527,564035017436912,564035292182997,,564035206983916,564035456045763,INTERVAL_CENSORED_NFT,1058.190385,1332.93647,,1247.737389,1496.799236,3,3,0,16,0,0,0,0,5,26,3.8326059615384613,10.275689,0.1307844230769231,66.66753846153846,68.166,2192,2192,0,0,,,0,0,0,,,0,0,0,,,09d7474dd8a7a8f8b0549a2b3804029e721228f04306db2f6e9e04b73e80a71d,6afd801b2bcd808856fac5e57102dee5ed6d62ffd309f4b19166ca038d3b6ef6
4,RECON_20260908_PI_MAIN_S1_C1_R04,RECON_20260908_PI_MAIN_S1_C1_R04,,ORIGINAL_ACCEPTED,S1,C1,4,MATCHED_S1_R04,5798949736423142048,TCP,10,250,12.0,1,0,0,564074279187648,,,,,,NO_MITIGATION,,,,,,0,0,0,16,0,0,0,0,0,25,1.44191,7.518797,0.14359364,66.97772,67.679,2176,2176,0,0,,,0,0,0,,,0,0,0,,,671fc0618f30e0c928164c4f02271e1ce6b613c3e729a4fcfe23add351adfb01,e199b7041f756c0a771f630533a22e6c4509be8768da458b325a08b5c8a5645d
5,RECON_20260908_PI_MAIN_S1_C3_R04,RECON_20260908_PI_MAIN_S1_C3_R04,,ORIGINAL_ACCEPTED,S1,C3,4,MATCHED_S1_R04,5798949736423142048,TCP,10,250,12.0,1,1,1,564113206748012,564114397014391,564114397070112,564114598705620,,,EXACT_XDP,1190.266379,1190.3221,1391.957608,,,3,2,0,11,0,0,0,5,0,25,1.30100268,9.0,0.13984388,66.86084,67.679,2188,2188,0,0,,,0,0,0,,,0,0,0,,,d9680fe0556b6a470810aa46ae958ac23ef466a7ca83f74ef3bbfd917d62f95c,101f3adfe9b976987f083a9fc1dea4b3fc6b6ec149e077513c0d33704b135e14
6,RECON_20260908_PI_MAIN_S7L1_C3_R03,RECON_20260908_PI_MAIN_S7L1_C3_RETRY_R01,RECON_20260908_PI_MAIN_S7L1_C3_R03,RETRY_AFTER_OPERATIONAL_ENVELOPE_FAILURE,S7L1,C3,3,S7_R03,3180556381496409802,TCP,1024,1,30.0,1,1,1,564565693133381,564565898708478,564565899381559,564565899699479,,,EXACT_XDP,205.575097,206.248178,206.566098,,,5,4,0,1024,0,0,0,843,0,43,3.0092621162790696,10.5,0.005143953488372093,66.99946511627907,68.653,2188,2188,0,0,,,0,0,0,,,0,0,0,,,80289649f078d0505afc56fcce8f089120306bb0486b38f3af306a85b43ad80f,5a9b075c29c2cd77e96bae77083be794b8f459282e8d22623bbbf483a31b7e4a
7,RECON_20260908_PI_MAIN_S7L2_C3_R03,RECON_20260908_PI_MAIN_S7L2_C3_R03,,ORIGINAL_ACCEPTED,S7L2,C3,3,S7_R03,6562799364890788796,TCP,3686,1,30.0,1,1,1,564735232854181,564735296993618,564735297127930,564735297165559,,,EXACT_XDP,64.139437,64.273749,64.311378,,,5,4,0,3694,0,0,0,3436,0,43,4.3003292325581395,12.060302,0.04268495348837209,67.57706976744186,68.653,2180,2180,0,0,,,0,0,0,,,0,0,0,,,9330025f43079c640b6a43f580dd51251427a00251109157472465cb99a9159b,0f14b6537b3458592426020d36314cce3cce49c197f1d8e805fcecd08dbddb6c
8,RECON_20260908_PI_MAIN_S7L3_C3_R03,RECON_20260908_PI_MAIN_S7L3_C3_R03,,ORIGINAL_ACCEPTED,S7L3,C3,3,S7_R03,6454612148753481789,TCP,4608,1,60.0,1,1,1,564795603191557,564795759378691,564795759877145,564795760767092,,,EXACT_XDP,156.187134,156.685588,157.575535,,,5,5,0,4099,545,545,0,4476,0,73,4.4922721232876714,15.25,0.2011184383561644,68.90650684931506,70.114,2188,2188,0,0,,,0,0,0,,,0,0,0,,,e3e71b6945b31cb1456055f406776ca985c522be7c7c0fe7538fe48853e700a2,7d77a680309527d159efc83ea48b667462588b8ae447cd54424091bd10e21bf0
9,RECON_20260908_PI_MAIN_S4_C3_R05,RECON_20260908_PI_MAIN_S4_C3_RETRY_R01,RECON_20260908_PI_MAIN_S4_C3_R05,RETRY_AFTER_WORKLOAD_DISPATCH_FAILURE,S4,C3,5,STANDALONE_S4_R05,2842395541070670683,UDP,10,250,22.0,1,1,1,565262044630151,565263083863459,565263083927606,565263297695495,,,EXACT_XDP,1039.233308,1039.297455,1253.065344,,,5,4,0,50,0,0,0,26,0,37,1.6997833243243243,7.304786,0.07061597297297298,67.34994594594595,68.653,2188,2188,0,0,,,40,40,0,1.0,4.806867025,0,0,0,,,708ecd3bb5149121140c8be28d558ecda0a57c8b383019399f38ef273f5818e7,5014792578d6ed9b9644ae93744b11fbc7b53bf8f1f13bcc54550047d9fb2c2f
10,RECON_20260908_PI_MAIN_S3P3_C1_R04,RECON_20260908_PI_MAIN_S3P3_C1_R04,,ORIGINAL_ACCEPTED,S3P3,C1,4,MATCHED_S3P3_R04,1551295374371345389,TCP,10,2000,24.0,1,0,0,565416214335305,,,,,,NO_MITIGATION,,,,,,0,0,0,10,0,0,0,0,0,37,3.6832825675675678,100.0,0.06363491891891893,67.07354054054053,68.166,2188,2188,0,0,,,0,0,0,,,0,0,0,,,84ebd169735dbe63a246a0a1c149ba06dada8b75ac9f8b312398fa40f2def032,5da38f0462f9d0c479b6d16f3be8dbaf77be3ccfa4009e50818bfb25005ad37f
11,RECON_20260908_PI_MAIN_S3P3_C3_R04,RECON_20260908_PI_MAIN_S3P3_C3_R04,,ORIGINAL_ACCEPTED,S3P3,C3,4,MATCHED_S3P3_R04,1551295374371345389,TCP,10,2000,24.0,1,1,1,565467336704822,565477403450076,565477403599777,565479337203220,,,EXACT_XDP,10066.745254,10066.894955,12000.498398,,,4,3,0,12,0,0,0,3,0,37,1.1419662432432431,7.0,0.025205810810810813,67.0867027027027,68.653,2188,2188,0,0,,,0,0,0,,,0,0,0,,,a56881132acd243c2cb994dcd4e86dff51ea48cbebd3efd1ad5f2a98c50de85b,5ba156929162c5467d40675444ce31131dad561b6aa01c19c42ab11afeb0dcd7
12,RECON_20260908_PI_MAIN_S3P3_C4_R04,RECON_20260908_PI_MAIN_S3P3_C4_R04,,ORIGINAL_ACCEPTED,S3P3,C4,4,MATCHED_S3P3_R04,1551295374371345389,TCP,10,2000,24.0,1,1,1,565519104292837,565529147105275,565529480489921,,565531074353171,565531324412804,INTERVAL_CENSORED_NFT,10042.812438,10376.197084,,11970.060334,12220.119967,4,3,0,13,0,0,0,0,3,38,3.3413226842105264,10.050251,0.1818078157894737,67.81997368421052,69.14,2188,2188,0,0,,,0,0,0,,,0,0,0,,,8e0e55690452d54be25924ae12f7e29fe9c24be9df4305d020cb504f61290486,d27919220ccf8c110d08ee71ff06f1caf99db3e3d580cae0a3f12bac88b68f57
13,RECON_20260908_PI_MAIN_S3P1_C2_R02,RECON_20260908_PI_MAIN_S3P1_C2_R02,,ORIGINAL_ACCEPTED,S3P1,C2,2,C2_R02_SCAN_15p0,1936718994383941160,TCP,10,1000,15.0,1,1,0,565571329695307,565575489813957,,,,,ALERT_ONLY,4160.11865,,,,,0,0,1,14,0,0,0,0,0,28,1.259085892857143,7.75,0.3003976428571428,67.62682142857143,68.653,2192,2192,0,0,,,0,0,0,,,0,0,0,,,226fce9ab2d9c2b6238b8dace3c974cff400b627883128cbae75b5000e4e4f29,ab4eddae51b76dbde67da7c24e7a9ba1d9a90cf6447ce93029e6fd464e856c34
14,RECON_20260908_PI_MAIN_S5_C3_R01,RECON_20260908_PI_MAIN_S5_C3_R01,,ORIGINAL_ACCEPTED,S5,C3,1,STANDALONE_S5_R01,4257560775669015479,MIXED,10,500,12.0,1,1,1,565613382592891,565615504919934,565615504976452,565615884727371,,,EXACT_XDP,2122.327043,2122.383561,2502.13448,,,3,2,0,18,0,0,0,5,0,25,1.38111744,7.518797,0.1506248,67.71796,69.14,2188,2188,0,0,,,0,0,0,,,0,0,0,,,c8b4875b16afa149e7d6af9b284a94170e34b020aa6ee93d389130f8c7fc9fa3,83a8d2bf2240a44f85baacb3e7baaca189e317f0fa779bc877f189004f99954e
15,RECON_20260908_PI_MAIN_S6B_C3_R02,RECON_20260908_PI_MAIN_S6B_C3_R02,,ORIGINAL_ACCEPTED,S6B,C3,2,STANDALONE_S6B_R02,5715867056632763172,MIXED,6,1000,40.0,1,1,1,565652898127035,565657093929419,565657094110582,565657899412758,,,EXACT_XDP,4195.802384,4195.983547,5001.285723,,,4,4,0,155,0,0,0,23,0,53,2.040420113207547,10.723192,0.062131377358490565,67.8443962264151,70.114,2192,2192,40,40,1.0,5.85793005,40,40,0,1.0,5.44290455,40,40,0,1.0,24.33956925,5584dba44bebd64d7855089ed5018fc195f2fd30aa35b9b11291b17835677f2b,0343be6b889ac0d01ff705d088b7318c53b9e051c61c74005b44162852345226
16,RECON_20260908_PI_MAIN_S3P3_C2_R02,RECON_20260908_PI_MAIN_S3P3_C2_R02,,ORIGINAL_ACCEPTED,S3P3,C2,2,C2_R02_SCAN_24p0,6738418808919608595,TCP,10,2000,24.0,1,1,0,565720366452716,565730473258919,,,,,ALERT_ONLY,10106.806203,,,,,0,0,1,45,0,0,0,0,0,37,1.1897555675675675,10.025063,0.11914067567567568,67.60002702702702,69.14,2192,2192,0,0,,,0,0,0,,,0,0,0,,,af41d192df3a2fded31179bee0cb0fe8d05515f346e4279c2247f237d923b44f,d0f61721d3e6f9969979e23dde63ac34ba76ee85784a5c74257c4456894697b6
17,RECON_20260908_PI_MAIN_S0B_C2_R02,RECON_20260908_PI_MAIN_S0B_C2_R02,,ORIGINAL_ACCEPTED,S0B,C2,2,C2_R02_SCAN_24p0,4633709477230165348,NONE,0,,24.0,0,0,0,,,,,,,NOT_APPLICABLE,,,,,,0,0,0,87,0,0,0,0,0,34,2.5276170000000002,17.839196,0.06986720588235294,68.1230294117647,69.14,2176,2176,40,40,1.0,11.981341375,40,40,0,1.0,8.9275014,40,40,0,1.0,29.2377923,7be5037cd72a09e99315a7c3077fcfdcda70287983c2b146aab685fa5536f6cf,7322b645467f80c3801e69f8ba0eae2ca36e1b5c31c5277289c2353f65135e91
18,RECON_20260908_PI_MAIN_S5_C3_R05,RECON_20260908_PI_MAIN_S5_C3_R05,,ORIGINAL_ACCEPTED,S5,C3,5,STANDALONE_S5_R05,2719412300119822773,MIXED,10,500,12.0,1,1,1,565819894120933,565822066912330,565822066999458,565822398067378,,,EXACT_XDP,2172.791397,2172.878525,2503.946445,,,3,2,0,14,0,0,0,5,0,25,1.27096132,6.78392,0.09800784,67.91276,68.653,2188,2188,0,0,,,0,0,0,,,0,0,0,,,0590f9ff2109057f2dd6ec1285762da2a3dd29f79ae2062df6ee050c3d8ef959,9aa081e9365fc477ab8a915abda4d56763e27596ce3032d79ef8b6805d41fe6c
19,RECON_20260908_PI_MAIN_S1_C3_R05,RECON_20260908_PI_MAIN_S1_C3_R05,,ORIGINAL_ACCEPTED,S1,C3,5,MATCHED_S1_R05,3550170336778609794,TCP,10,250,12.0,1,1,1,565859199319192,565860373564067,565860373643029,565860452016086,,,EXACT_XDP,1174.244875,1174.323837,1252.696894,,,3,2,0,11,0,0,0,5,0,25,1.33117852,7.75,0.17671896,68.0686,69.14,2192,2192,0,0,,,0,0,0,,,0,0,0,,,4976d924f4ec6e8604b2a9bb1125f5c4c936d3a96bc5b41c522023de84e30a12,3e5fdc1dbfac06fbbbe23208f537ae1d9d462f23118d8f23ed2e7ff1d3afe21b
20,RECON_20260908_PI_MAIN_S1_C4_R05,RECON_20260908_PI_MAIN_S1_C4_R05,,ORIGINAL_ACCEPTED,S1,C4,5,MATCHED_S1_R05,3550170336778609794,TCP,10,250,12.0,1,1,1,565897975300453,565899107526231,565899383076209,,565899298095625,565899546719530,INTERVAL_CENSORED_NFT,1132.225778,1407.775756,,1322.795172,1571.419077,3,3,0,10,0,0,0,0,4,26,3.7203966538461537,11.027569,0.15529246153846155,68.67173076923078,69.627,2188,2188,0,0,,,0,0,0,,,0,0,0,,,e1f21c12c7d3e8c04b346b2a986f6bfdf88bbeb69a0bb0c5d1a33cecc5198260,f10ea10e18239c602b56a7929407b20342faf5e33b297d16138daa9623e284b1
21,RECON_20260908_PI_MAIN_S1_C1_R05,RECON_20260908_PI_MAIN_S1_C1_R05,,ORIGINAL_ACCEPTED,S1,C1,5,MATCHED_S1_R05,3550170336778609794,TCP,10,250,12.0,1,0,0,565938856448589,,,,,,NO_MITIGATION,,,,,,0,0,0,11,0,0,0,0,0,25,1.32037908,7.75,0.19263672,68.2634,69.627,2176,2176,0,0,,,0,0,0,,,0,0,0,,,c31c6ed55f2152bec5855bd7eb1dd8e0259b7a4472f97675c2225b4cf5158f0e,fee7b0d18d2f94ffa997fd6572e5b5b90ae6c2b0508848ce494fd72c9c58d551
22,RECON_20260908_PI_MAIN_S4_C2_R04,RECON_20260908_PI_MAIN_S4_C2_R04,,ORIGINAL_ACCEPTED,S4,C2,4,C2_R04_SCAN_22p0,2244168523270381401,UDP,10,250,22.0,1,1,0,565978145117308,565979292491873,,,,,ALERT_ONLY,1147.374565,,,,,0,0,1,50,0,0,0,0,0,35,1.6665258,7.518797,0.17745557142857143,68.22165714285714,69.14,2192,2192,0,0,,,40,40,0,1.0,4.468308425,0,0,0,,,69e8e3bf1bb3701fb8b978e0173b1aea152fa791f99ae16f1aca9ecc8c4b78dc,73da6662a68f2209a394a775d19b6f8f80932bba1a7b4a9e8f8f1961c8d03905
23,RECON_20260908_PI_MAIN_S0A_C2_R04,RECON_20260908_PI_MAIN_S0A_C2_R04,,ORIGINAL_ACCEPTED,S0A,C2,4,C2_R04_SCAN_22p0,7595065002470426767,NONE,0,,22.0,0,0,0,,,,,,,NOT_APPLICABLE,,,,,,0,0,0,81,0,0,0,0,0,32,1.4004989374999999,7.518797,0.40495290625,67.93771875,69.627,2192,2192,40,40,1.0,4.2346915,40,40,0,1.0,5.873058225,40,40,0,1.0,22.72820955,10f6ff363ebf837f98efefacd31c59c0a192e07643f333d767ee3d4be2a7ed63,a4ca4d057b6de0757a058800e7392500378cba97ef27e8722ce82b2ac7ce62a4
24,RECON_20260908_PI_MAIN_S0B_C3_R02,RECON_20260908_PI_MAIN_S0B_C3_R02,,ORIGINAL_ACCEPTED,S0B,C3,2,STANDALONE_S0B_R02,4633709477230165348,NONE,0,,24.0,0,0,0,,,,,,,NOT_APPLICABLE,,,,,,0,0,0,90,0,0,0,0,0,34,2.607004705882353,16.0401,0.23680214705882352,68.18032352941177,69.627,2172,2172,40,40,1.0,5.173689075,40,40,0,1.0,5.485355925,40,40,0,1.0,21.76609835,f0e71361a6be14f4489d9c1e5b41f6612e84cad9935b7eb74ba0d9dd1d5ecf33,82b8089efb9636a498a3a4ddf5e0dd96640cc539f985c63c8dffd78955bb440c
25,RECON_20260908_PI_MAIN_S0A_C0_T1_R01,RECON_20260908_PI_MAIN_S0A_C0_T1_R01,,ORIGINAL_ACCEPTED,S0A,C0_T1,1,OVERHEAD_R01,530759494310193868,NONE,0,,22.0,0,0,0,,,,,,,NOT_APPLICABLE,,,,,,0,0,0,83,0,0,0,0,0,32,1.43204003125,7.017544,0.26675415625,67.72465625,69.627,2188,2188,40,40,1.0,6.03514245,40,40,0,1.0,3.6010172750000002,40,40,0,1.0,21.507874925,02073651f37c9e1bb004351b2ee6412f2c3a8b6cdcf1abfcb2c94dde26390232,4d2ca6c3dc6ffbde005f40536272943c14e91c93e4023a064ac529074d4040d2
26,RECON_20260908_PI_MAIN_S0A_C0_T0_R01,RECON_20260908_PI_MAIN_S0A_C0_T0_R01,,ORIGINAL_ACCEPTED,S0A,C0_T0,1,OVERHEAD_R01,530759494310193868,NONE,0,,22.0,0,0,0,,,,,,,NOT_APPLICABLE,,,,,,0,0,0,,,,,,0,32,1.35221034375,8.25,0.1264343125,67.81596875,69.14,,,40,40,1.0,5.674826725,40,40,0,1.0,3.68991295,40,40,0,1.0,21.0663982,80d9fd47377153da8e2e0c47cb6b6e080e072cfb61f022edb8a98a0ff39b3711,b8b21b7a19fb30f236333b830f27dadf39727edbfe8d95f5129235a0cdaa03bc
27,RECON_20260908_PI_MAIN_S3P1_C2_R01,RECON_20260908_PI_MAIN_S3P1_C2_R01,,ORIGINAL_ACCEPTED,S3P1,C2,1,C2_R01_SCAN_15p0,2798965368270370390,TCP,10,1000,15.0,1,1,0,566212854186822,566216949893004,,,,,ALERT_ONLY,4095.706182,,,,,0,0,1,10,0,0,0,0,0,28,1.3922850714285715,7.75,0.05805303571428572,68.02685714285714,69.14,2188,2188,0,0,,,0,0,0,,,0,0,0,,,8a2a28bc9c63491f91b56a24ef1ab4fe39e450eea5d7cfa25daec0f05e807dfc,1f0525d56ac56fb6805b4643cc346c1b8d90d4e79e4d533ae5d088a6b43fb49f
28,RECON_20260908_PI_MAIN_S5_C3_R03,RECON_20260908_PI_MAIN_S5_C3_R03,,ORIGINAL_ACCEPTED,S5,C3,3,STANDALONE_S5_R03,5593754172359340609,MIXED,10,500,12.0,1,1,1,566254994700114,566257243017941,566257243090032,566257497265086,,,EXACT_XDP,2248.317827,2248.389918,2502.564972,,,3,2,0,10,0,0,0,5,0,25,1.2995324799999999,7.481297,0.09474588,68.12704,69.14,2172,2172,0,0,,,0,0,0,,,0,0,0,,,c16ee5031dc3d8e77597d35c12b1d673d3344161bb11d32cb067e7e3641c4207,54605e2f2e63568e4d0b11e451b9754707361b5223f5b922e02b444109284039
29,RECON_20260908_PI_MAIN_S2_C2_R01,RECON_20260908_PI_MAIN_S2_C2_R01,,ORIGINAL_ACCEPTED,S2,C2,1,C2_R01_SCAN_12p0,2104045051948496701,TCP,10,500,12.0,1,1,0,566294234354406,566296240457408,,,,,ALERT_ONLY,2006.103002,,,,,0,0,1,14,0,0,0,0,0,25,1.33975348,7.769424,0.04791008,68.32184,69.14,2176,2176,0,0,,,0,0,0,,,0,0,0,,,a47e16b85bc329d803a472faf1c45f7ac4bf3b8d67631b15fd9595759a6b6237,75842e145e35e91d4e36717cd135a68ebe400534e800ed747fc0e0aae9f5254b
30,RECON_20260908_PI_MAIN_S5_C2_R01,RECON_20260908_PI_MAIN_S5_C2_R01,,ORIGINAL_ACCEPTED,S5,C2,1,C2_R01_SCAN_12p0,4257560775669015479,MIXED,10,500,12.0,1,1,0,566333759925400,566335791267273,,,,,ALERT_ONLY,2031.341873,,,,,0,0,1,10,0,0,0,0,0,25,1.4431438,8.521303,0.1249022,68.32184,69.14,2176,2176,0,0,,,0,0,0,,,0,0,0,,,4b0bc87069dfaf17a585f1b1b03f4a83957c00a71644578a1f8bd29e7e3e8690,ddd5d801d23f730fd89e0c44f904edef97d56bce952451244cc9b0ce21f6d82d
31,RECON_20260908_PI_MAIN_S6A_C2_R01,RECON_20260908_PI_MAIN_S6A_C2_R01,,ORIGINAL_ACCEPTED,S6A,C2,1,C2_R01_SCAN_12p0,1253655163929388384,MIXED,6,250,12.0,1,1,0,566372996320475,566374086047492,,,,,ALERT_ONLY,1089.727017,,,,,0,0,1,6,0,0,0,0,0,25,1.2976622,6.234414,0.0901364,68.04912,70.114,2172,2172,0,0,,,0,0,0,,,0,0,0,,,075eff6bad4fd0637b647ccb8a3f1171a3aa153182249b901ebf8de3b5ec7041,77c5057bde76aca43f7943548743d4db0cb22a5df3e382ee6644d5ff56400a29
32,RECON_20260908_PI_MAIN_S1_C2_R01,RECON_20260908_PI_MAIN_S1_C2_R01,,ORIGINAL_ACCEPTED,S1,C2,1,C2_R01_SCAN_12p0,3635626954574171177,TCP,10,250,12.0,1,1,0,566411868572438,566413118469742,,,,,ALERT_ONLY,1249.897304,,,,,0,0,1,25,0,0,0,0,0,25,1.4130662,10.552764,0.04544912,68.41924,69.627,2192,2192,0,0,,,0,0,0,,,0,0,0,,,77c2fbc38b276c902f0de1cfbcb298e19661c3c648d54a948ac4e3db077c0323,1556070ecfa3cd383abef073ca5e0fd78527107c46cd49a1614da494ec54d97b
33,RECON_20260908_PI_MAIN_S0A_C3_R03,RECON_20260908_PI_MAIN_S0A_C3_R03,,ORIGINAL_ACCEPTED,S0A,C3,3,STANDALONE_S0A_R03,4944253455966496160,NONE,0,,22.0,0,0,0,,,,,,,NOT_APPLICABLE,,,,,,0,0,0,86,0,0,0,0,0,32,4.72301190625,100.0,0.18011475,68.02903125,70.114,2192,2192,40,40,1.0,5.849043875,40,40,0,1.0,5.521545975,40,40,0,1.0,26.17207085,711b8947fe084f0cfa699f4bb029e856477445a11d4ffddd5fcc1d0cb1ba5232,b48a8a4b2ca614b51ea4f73d78416b9d5a09d5e79f852b3f952881f6faf23c15
34,RECON_20260908_PI_MAIN_S3P2_C2_R05,RECON_20260908_PI_MAIN_S3P2_C2_R05,,ORIGINAL_ACCEPTED,S3P2,C2,5,C2_R05_SCAN_21p0,6062656924788657520,TCP,10,1600,21.0,1,1,0,566497746304092,566505956293634,,,,,ALERT_ONLY,8209.989542,,,,,0,0,1,20,0,0,0,0,0,34,1.074067088235294,7.75,0.16160688235294118,68.03708823529412,69.14,2176,2176,0,0,,,0,0,0,,,0,0,0,,,54c35caffd69d6e1592ef057657cb6ad9a589fa362a6f50bc8f26970dddd1077,8616dd8cfd91f28a8f30b6091e8b3f267686aea0820ffb3b9b88f7be5fb6be3c
35,RECON_20260908_PI_MAIN_S3P3_C1_R03,RECON_20260908_PI_MAIN_S3P3_C1_R03,,ORIGINAL_ACCEPTED,S3P3,C1,3,MATCHED_S3P3_R03,7463260774621527860,TCP,10,2000,24.0,1,0,0,566545958672789,,,,,,NO_MITIGATION,,,,,,0,0,0,39,0,0,0,0,0,37,1.1019827567567566,9.52381,0.12903813513513512,67.8895945945946,70.114,2192,2192,0,0,,,0,0,0,,,0,0,0,,,dff1676490e5bb28d540e71cc1149789e19bef3c991f508a15485dfea9a85f0b,1a2c00fb1764ef39d25395b35e60f7af09b930d032de7cbf69ff361d079159b8
36,RECON_20260908_PI_MAIN_S3P3_C4_R03,RECON_20260908_PI_MAIN_S3P3_C4_R03,,ORIGINAL_ACCEPTED,S3P3,C4,3,MATCHED_S3P3_R03,7463260774621527860,TCP,10,2000,24.0,1,1,1,566597763725318,566608054716753,566608383052547,,566609719739753,566609969855314,INTERVAL_CENSORED_NFT,10290.991435,10619.327229,,11956.014435,12206.129996,4,3,0,47,0,0,0,0,3,38,3.2079526578947366,9.774436,0.12591207894736842,68.34542105263158,69.14,2192,2192,0,0,,,0,0,0,,,0,0,0,,,e3f67adb3d5bd2badfdcf8434b8d10f079bfb673febdef4bff71bd8fb5813c21,793cc667770fcb185adbb785d127f8a60a0c69b801637c4b8b83aefa935895fc
37,RECON_20260908_PI_MAIN_S3P3_C3_R03,RECON_20260908_PI_MAIN_S3P3_C3_R03,,ORIGINAL_ACCEPTED,S3P3,C3,3,MATCHED_S3P3_R03,7463260774621527860,TCP,10,2000,24.0,1,1,1,566649126909778,566659177693120,566659177840302,566661142043939,,,EXACT_XDP,10050.783342,10050.930524,12015.134161,,,4,3,0,10,0,0,0,3,0,37,0.9958043513513514,10.050251,0.13945054054054054,67.96856756756756,69.14,2176,2176,0,0,,,0,0,0,,,0,0,0,,,c52022cd0a769ddf3874245d0a47aa6ec0cdf66c97da1ce0977a96f2010c6d7a,82ecb163d63c9b0b527ba8ff9ede1250ea5f148099ec836eb326e0135edde022
38,RECON_20260908_PI_MAIN_S5_C3_R02,RECON_20260908_PI_MAIN_S5_C3_R02,,ORIGINAL_ACCEPTED,S5,C3,2,STANDALONE_S5_R02,1408569544597438266,MIXED,10,500,12.0,1,1,1,566700997973068,566703180682060,566703180759392,566703502467736,,,EXACT_XDP,2182.708992,2182.786324,2504.494668,,,3,2,0,16,0,0,0,5,0,25,1.41813012,7.730673,0.25628896,68.39976,69.627,2188,2188,0,0,,,0,0,0,,,0,0,0,,,c0c54047f02eb0f1912fe783aebcfb864d4b2392442ac65e3f6fc7db6389f68e,f413e6e0a5922f65c021d58faad57f1967cc4395e4b4e79a9580cd8dcc7f4b08
39,RECON_20260908_PI_MAIN_S7L1_C3_R01,RECON_20260908_PI_MAIN_S7L1_C3_R01,,ORIGINAL_ACCEPTED,S7L1,C3,1,S7_R01,8338762420351946514,TCP,1024,1,30.0,1,1,1,566743181034274,566743240018549,566743240266600,566743240518059,,,EXACT_XDP,58.984275,59.232326,59.483785,,,5,4,0,1024,0,0,0,966,0,43,3.0394264418604653,10.526316,0.33757281395348837,68.39251162790697,70.114,2188,2188,0,0,,,0,0,0,,,0,0,0,,,f716950dc3babe75b08a13b92d0c8795d82edb6edffd6716d308f7f8323b45da,d1260df242c20c5a3c162bc540b71d32ff9296f87e3930c0af6fa15efca2cefc
40,RECON_20260908_PI_MAIN_S7L2_C3_R01,RECON_20260908_PI_MAIN_S7L2_C3_R01,,ORIGINAL_ACCEPTED,S7L2,C3,1,S7_R01,8947819388815201150,TCP,3686,1,30.0,1,1,1,566802651004344,566802686872308,566802687125137,566802687360188,,,EXACT_XDP,35.867964,36.120793,36.355844,,,5,4,0,3690,0,0,0,3650,0,43,4.542576046511628,13.533835,0.15966818604651162,69.04939534883721,70.114,2192,2192,0,0,,,0,0,0,,,0,0,0,,,d12baad0139232eff8043ac708d98d5374b8aa157380f2ce3bd732882504bc0d,aa2a4f1b483969c6914b418858efe794f1ebb15c802969d28b3a598a3beb4298
41,RECON_20260908_PI_MAIN_S7L3_C3_R01,RECON_20260908_PI_MAIN_S7L3_C3_R01,,ORIGINAL_ACCEPTED,S7L3,C3,1,S7_R01,8885452207261461384,TCP,4608,1,60.0,1,1,1,566865380230994,566865456018569,566865456330952,566865457636946,,,EXACT_XDP,75.787575,76.099958,77.405952,,,5,5,0,4096,513,513,0,4531,0,73,4.533495397260274,13.965087,0.22016139726027398,69.60031506849315,71.088,2192,2192,0,0,,,0,0,0,,,0,0,0,,,d02bb1895faaab78b35299a3fc104478a5b75fd375ad61813cdfc291a2e55675,d8f568ab89f71fd4f21db350f6fe0a206b0f328215261e07448f2408085d813c
42,RECON_20260908_PI_MAIN_S1_C2_R05,RECON_20260908_PI_MAIN_S1_C2_R05,,ORIGINAL_ACCEPTED,S1,C2,5,C2_R05_SCAN_12p0,3550170336778609794,TCP,10,250,12.0,1,1,0,566956922371385,566958086552547,,,,,ALERT_ONLY,1164.181162,,,,,0,0,1,14,0,0,0,0,0,25,1.35165872,10.5,0.256328,69.8218,71.575,2192,2192,0,0,,,0,0,0,,,0,0,0,,,a69d9dbc88d75d44ace3354010e7759d2b021bf8759b4042b4ece776a9b3809e,af28a7d2b754821c8017c100fec987b28b350f67c872f2beeeaf67f11a2931ac
43,RECON_20260908_PI_MAIN_S3P1_C2_R04,RECON_20260908_PI_MAIN_S3P1_C2_R04,,ORIGINAL_ACCEPTED,S3P1,C2,4,C2_R04_SCAN_15p0,5901652790327770974,TCP,10,1000,15.0,1,1,0,566996418952556,567000637160529,,,,,ALERT_ONLY,4218.207973,,,,,0,0,1,11,0,0,0,0,0,28,1.2442988928571428,10.050251,0.25730675000000003,69.07042857142858,70.114,2188,2188,0,0,,,0,0,0,,,0,0,0,,,e24c357c3455bbe42d7fc4392d8106b9f2f2f766177f09c3c4708062e9e67107,73bdc87e863b8c749d1fe150d1d2440e2555643bde3a28b108891468145b06ae
44,RECON_20260908_PI_MAIN_S4_C2_R01,RECON_20260908_PI_MAIN_S4_C2_R01,,ORIGINAL_ACCEPTED,S4,C2,1,C2_R01_SCAN_22p0,4751335944893206463,UDP,10,250,22.0,1,1,0,567038318187117,567039361865350,,,,,ALERT_ONLY,1043.678233,,,,,0,0,1,53,0,0,0,0,0,35,1.8586505714285715,10.275689,0.13065014285714285,69.00085714285714,70.114,2180,2180,0,0,,,40,40,0,1.0,4.032755025,0,0,0,,,44661ad0f51b7dbc1b696a87fde816263d00d84fd24b2d396ceb39f4425d5f84,63ffc2cadb03f63c396dc9267f55ec9466b6ae0cfa7025732b47c298902bc738
45,RECON_20260908_PI_MAIN_S0A_C2_R01,RECON_20260908_PI_MAIN_S0A_C2_R01,,ORIGINAL_ACCEPTED,S0A,C2,1,C2_R01_SCAN_22p0,530759494310193868,NONE,0,,22.0,0,0,0,,,,,,,NOT_APPLICABLE,,,,,,0,0,0,81,0,0,0,0,0,32,1.469684,6.265664,0.1292875625,68.3790625,71.088,2188,2188,40,40,1.0,3.7843407,40,40,0,1.0,4.834666125,40,40,0,1.0,22.106118175,23b3ac9d49ae109898e4715acfa9725633c9d35f159648d69782263066b7dfb6,07633c9e08f3e435f958d1b60ed135aca6d86598adf0de817f6e812e41a6251b
46,RECON_20260908_PI_MAIN_S0B_C3_R05,RECON_20260908_PI_MAIN_S0B_C3_R05,,ORIGINAL_ACCEPTED,S0B,C3,5,STANDALONE_S0B_R05,8547915594593128360,NONE,0,,24.0,0,0,0,,,,,,,NOT_APPLICABLE,,,,,,0,0,0,90,0,0,0,0,0,34,2.425692529411765,16.080402,0.16625961764705882,68.86785294117647,70.114,2192,2192,40,40,1.0,5.339504925,40,40,0,1.0,4.154890725,40,40,0,1.0,22.3105562,420bbd868f414277588ac94428dbcfe6389604f7cd34c442268bd229293be3cf,1d69609fd927818a49c23acce79fb048a4b9eb01765b5254a26f857420b890a9
47,RECON_20260908_PI_MAIN_S0B_C3_R03,RECON_20260908_PI_MAIN_S0B_C3_R03,,ORIGINAL_ACCEPTED,S0B,C3,3,STANDALONE_S0B_R03,6197555204566479533,NONE,0,,24.0,0,0,0,,,,,,,NOT_APPLICABLE,,,,,,0,0,0,88,0,0,0,0,0,34,2.5517047352941176,21.662469,0.277588,68.91082352941176,70.601,2188,2188,40,40,1.0,9.654541725,40,40,0,1.0,10.2537786,40,40,0,1.0,27.039815,3e3e929c1190cd3013763e2525a92aeb8e5ebd40d8f7bd683b282b6a720a9973,40baa8c9e935e9d10e403216283f00b9244eaecdfffa1e389039f74f873f2636
48,RECON_20260908_PI_MAIN_S0A_C3_R05,RECON_20260908_PI_MAIN_S0A_C3_R05,,ORIGINAL_ACCEPTED,S0A,C3,5,STANDALONE_S0A_R05,5003829127621579240,NONE,0,,22.0,0,0,0,,,,,,,NOT_APPLICABLE,,,,,,0,0,0,81,0,0,0,0,0,32,1.46261040625,7.286432,0.19723496875,68.5008125,69.627,2192,2192,40,40,1.0,4.899716725,40,40,0,1.0,5.12517125,40,40,0,1.0,22.038900899999998,f34157a3ca533141fb31324f6d62ab1f9f5c87c1d763ec38536de5b16ed321b4,994adff5aa7afa24bc368c314b59de6b5196fcec8471a7ebb40e1fdc7dc5c033
49,RECON_20260908_PI_MAIN_S3P2_C2_R02,RECON_20260908_PI_MAIN_S3P2_C2_R02,,ORIGINAL_ACCEPTED,S3P2,C2,2,C2_R02_SCAN_21p0,8594902066542757070,TCP,10,1600,21.0,1,1,0,567277250205701,567285280476549,,,,,ALERT_ONLY,8030.270848,,,,,0,0,1,10,0,0,0,0,0,34,1.1698980294117647,8.521303,0.14476085294117647,68.26626470588235,69.627,2192,2192,0,0,,,0,0,0,,,0,0,0,,,b2d5850e5f6f83709099d97d22640861e292b6f7e6745bbea0332f5e80878756,7ca91f7657fa7797bafae6985a2226dd39a0d5b98c4603a7689a25d50f55a737
50,RECON_20260908_PI_MAIN_S5_C2_R02,RECON_20260908_PI_MAIN_S5_C2_R02,,ORIGINAL_ACCEPTED,S5,C2,2,C2_R02_SCAN_12p0,1408569544597438266,MIXED,10,500,12.0,1,1,0,567325237704603,567327294774750,,,,,ALERT_ONLY,2057.070147,,,,,0,0,1,12,0,0,0,0,0,25,1.24160572,10.25,0.1827344,68.59456,69.627,2192,2192,0,0,,,0,0,0,,,0,0,0,,,738d2ff53ad843aaec1308738cf8d50d4103671cd60c9d8cd9d232b0a36cc8f6,13a97173681a4444291f8edd518abcccfe4b0059e15e1d80a09738874dfc5d3b
51,RECON_20260908_PI_MAIN_S2_C2_R02,RECON_20260908_PI_MAIN_S2_C2_R02,,ORIGINAL_ACCEPTED,S2,C2,2,C2_R02_SCAN_12p0,913709473182085494,TCP,10,500,12.0,1,1,0,567364813745706,567366828962519,,,,,ALERT_ONLY,2015.216813,,,,,0,0,1,10,0,0,0,0,0,25,5.3896558,100.0,0.09421876,68.47767999999999,69.627,2172,2172,0,0,,,0,0,0,,,0,0,0,,,63001f90569639b66ec76888fa902209c96f366c128dfb349ea9f105a1c7c9eb,b6e027cc217aaa16c10409db059cdc9cd5eef6e5c35a72a8bcc83a1d63428f5d
52,RECON_20260908_PI_MAIN_S6A_C2_R02,RECON_20260908_PI_MAIN_S6A_C2_R02,,ORIGINAL_ACCEPTED,S6A,C2,2,C2_R02_SCAN_12p0,1520564872375698704,MIXED,6,250,12.0,1,1,0,567403641647440,567404825936255,,,,,ALERT_ONLY,1184.288815,,,,,0,0,1,6,0,0,0,0,0,25,1.2910374,10.526316,0.0472656,68.43872,70.114,2188,2188,0,0,,,0,0,0,,,0,0,0,,,d3bb29abe1a9cdfa9e4ac11eb0ea7d1b1c3d6d7072fc9671d98f5546f6debc16,558645b7ed2af2602a6d2077f4cfdc3c15633e7804063c669c34800cc3df5c25
53,RECON_20260908_PI_MAIN_S1_C2_R02,RECON_20260908_PI_MAIN_S1_C2_R02,,ORIGINAL_ACCEPTED,S1,C2,2,C2_R02_SCAN_12p0,3825172026798238350,TCP,10,250,12.0,1,1,0,567443205806476,567444412761478,,,,,ALERT_ONLY,1206.955002,,,,,0,0,1,10,0,0,0,0,0,25,1.38095444,10.025063,0.14359388,68.7504,70.114,2188,2188,0,0,,,0,0,0,,,0,0,0,,,fe37b53c895df64eec1de331c4cd146ed5fe671d1e95774167ffa12a7d1ce035,2dd8079c0dc5adc33c202f3030a739b96b6bd515de02e9cbda8e7186a67c7e07
54,RECON_20260908_PI_MAIN_S6B_C3_R04,RECON_20260908_PI_MAIN_S6B_C3_R04,,ORIGINAL_ACCEPTED,S6B,C3,4,STANDALONE_S6B_R04,3435945809897938263,MIXED,6,1000,40.0,1,1,1,567482722457321,567486958329488,567486958498170,567487723084437,,,EXACT_XDP,4235.872167,4236.040849,5000.627116,,,4,4,0,148,0,0,0,25,0,53,1.9925698490566037,8.5,0.05958867924528302,68.55192452830188,70.114,2180,2180,40,40,1.0,6.30313795,40,40,0,1.0,5.289987375,40,40,0,1.0,24.557356425,76a7bbb73cb84c4890b106a9f5af28d426b17157fe30e0363b403f29a1cd4a6a,dacf61fd8e291b40bd57676de23c97aa3a68ad6b12c1ea0495935cab1794a92f
55,RECON_20260908_PI_MAIN_S3P4_C2_R01,RECON_20260908_PI_MAIN_S3P4_C2_R01,,ORIGINAL_ACCEPTED,S3P4,C2,1,C2_R01_SCAN_114p0,3562713171623886682,TCP,10,12000,114.0,1,0,0,567550065686788,,,,,,ALERT_ONLY,,,,,,0,0,0,10,0,0,0,0,0,127,0.5506967165354331,7.98005,0.04444512598425197,67.4987716535433,70.114,2172,2172,0,0,,,0,0,0,,,0,0,0,,,7a4eafa7972ceb3ff033028bfe4129a517f097b47f7d041c7e3429d007d33347,65b12bf8f314f7502070b1b01acff2e21111cf2f472f73a8005baf266592dcef
56,RECON_20260908_PI_MAIN_S6B_C2_R02,RECON_20260908_PI_MAIN_S6B_C2_R02,,ORIGINAL_ACCEPTED,S6B,C2,2,C2_R02_SCAN_40p0,5715867056632763172,MIXED,6,1000,40.0,1,1,0,567691304449977,567695440814324,,,,,ALERT_ONLY,4136.364347,,,,,0,0,1,147,0,0,0,0,0,53,2.0728318867924527,8.521303,0.05783843396226415,68.06492452830189,69.14,2188,2188,40,40,1.0,4.82184,40,40,0,1.0,4.519590925,40,40,0,1.0,22.9808371,a53eda21e3937c9cd901ab5a7cf7d4fba0f31a4c3ae43e091736f22513e96906,13fa70cec35382bfe99068375e2f5e15230c4091197785d9d40a84657724fbff
57,RECON_20260908_PI_MAIN_S1_C4_R02,RECON_20260908_PI_MAIN_S1_C4_R02,,ORIGINAL_ACCEPTED,S1,C4,2,MATCHED_S1_R02,3825172026798238350,TCP,10,250,12.0,1,1,1,567758767134070,567760012909025,567760289690851,,567760207219649,567760454866067,INTERVAL_CENSORED_NFT,1245.774955,1522.556781,,1440.085579,1687.731997,3,3,0,10,0,0,0,0,4,26,3.4870013846153847,10.275689,0.22436503846153846,68.653,69.627,2180,2180,0,0,,,0,0,0,,,0,0,0,,,afdab6db0c2c0c867d06cb44f0f1cc60a16976082d488f94833f5590befca224,1505d4e9fe0543dfc79cf6eaea8c1ca8d80dd48f1a5d25534c788307e088fce4
58,RECON_20260908_PI_MAIN_S1_C1_R02,RECON_20260908_PI_MAIN_S1_C1_R02,,ORIGINAL_ACCEPTED,S1,C1,2,MATCHED_S1_R02,3825172026798238350,TCP,10,250,12.0,1,0,0,567798811665314,,,,,,NO_MITIGATION,,,,,,0,0,0,24,0,0,0,0,0,25,1.38113192,10.5,0.1302734,68.49716,69.627,2188,2188,0,0,,,0,0,0,,,0,0,0,,,e74bec445d79253f19e181626ffa27898def948a4451670bcfcbdbba237ad0fa,0336339dce07357b788ec2bea5f8c84ff828a42caf1d34e5515761727119db4c
59,RECON_20260908_PI_MAIN_S1_C3_R02,RECON_20260908_PI_MAIN_S1_C3_R02,,ORIGINAL_ACCEPTED,S1,C3,2,MATCHED_S1_R02,3825172026798238350,TCP,10,250,12.0,1,1,1,567838151629639,567839372733384,567839372789902,567839403621741,,,EXACT_XDP,1221.103745,1221.160263,1251.992102,,,3,2,0,12,0,0,0,5,0,25,1.34312068,10.0,0.10804692,68.51664,70.114,2184,2184,0,0,,,0,0,0,,,0,0,0,,,ffa22449fd74ddc91c4d4962eaecdfe133893066535c4993a86f0ff4e3e1512a,7c8c1bc68164b73556b65c8a1a2eda51f23c68c845557ebc57574e3d66354d2e
60,RECON_20260908_PI_MAIN_S1_C4_R03,RECON_20260908_PI_MAIN_S1_C4_R03,,ORIGINAL_ACCEPTED,S1,C4,3,MATCHED_S1_R03,2385423419746871645,TCP,10,250,12.0,1,1,1,567877380453101,567878590840859,567878869278452,,567878781175751,567879030387163,INTERVAL_CENSORED_NFT,1210.387758,1488.825351,,1400.72265,1649.934062,3,3,0,12,0,0,0,0,4,26,3.5599377307692306,11.0,0.10961896153846154,69.10253846153846,70.114,2188,2188,0,0,,,0,0,0,,,0,0,0,,,69fd3c2ab32fe82ccd03c3f39770a4cb63eaecc6293d141c7cc9a37aa4160469,f56d8d5b65acb779f43a656337c22226c478e89bc729f053808540a91844335f
61,RECON_20260908_PI_MAIN_S1_C1_R03,RECON_20260908_PI_MAIN_S1_C1_R03,,ORIGINAL_ACCEPTED,S1,C1,3,MATCHED_S1_R03,2385423419746871645,TCP,10,250,12.0,1,0,0,567917768814873,,,,,,NO_MITIGATION,,,,,,0,0,0,11,0,0,0,0,0,25,1.4021394,10.301508,0.1732224,68.80884,70.114,2184,2184,0,0,,,0,0,0,,,0,0,0,,,903b72e5726f76e2c2023154f029156f2d19978cf2e753747b3f1760bdc33631,0c384f75f1184d6919beed9e0a81e801a5b9ccdffa6051688ad43ee6c1dc835f
62,RECON_20260908_PI_MAIN_S1_C3_R03,RECON_20260908_PI_MAIN_S1_C3_R03,,ORIGINAL_ACCEPTED,S1,C3,3,MATCHED_S1_R03,2385423419746871645,TCP,10,250,12.0,1,1,1,567956718824822,567957731823112,567957731879407,567957970235978,,,EXACT_XDP,1012.99829,1013.054585,1251.411156,,,3,2,0,10,0,0,0,5,0,25,5.24373988,100.0,0.14457024000000002,68.86728,69.627,2188,2188,0,0,,,0,0,0,,,0,0,0,,,d982441b18b4b1f5838832ec05c139a7893680d0121a29b30f00276626e15bbc,480da40ec7cecce3dddbe61391647e89081143a59da7539def83975df3431906
63,RECON_20260908_PI_MAIN_S6B_C2_R01,RECON_20260908_PI_MAIN_S6B_C2_R01,,ORIGINAL_ACCEPTED,S6B,C2,1,C2_R01_SCAN_40p0,8909916251273395171,MIXED,6,1000,40.0,1,1,0,567996291021427,568000498359507,,,,,ALERT_ONLY,4207.33808,,,,,0,0,1,147,0,0,0,0,0,53,3.949752150943396,100.0,0.1345996037735849,68.71732075471698,70.114,2192,2192,40,40,1.0,4.7375157,40,40,0,1.0,4.2681453,40,40,0,1.0,23.2551698,408e819e4e1461db20c8feeebc77b9d4a10899667b5af47a56ec4f44769dbe04,f54fa85b46120d98b76389a9f374ec7779ec93ed9aa56d672e2feaf5e85b453e
64,RECON_20260908_PI_MAIN_S3P2_C2_R01,RECON_20260908_PI_MAIN_S3P2_C2_R01,,ORIGINAL_ACCEPTED,S3P2,C2,1,C2_R01_SCAN_21p0,5540683211513550622,TCP,10,1600,21.0,1,1,0,568063924226296,568072132710916,,,,,ALERT_ONLY,8208.48462,,,,,0,0,1,10,0,0,0,0,0,34,3.950946882352941,100.0,0.0801784705882353,68.39517647058824,69.627,2184,2184,0,0,,,0,0,0,,,0,0,0,,,e713e2f1765e0cf249786c2e323d134ca74c27ae5a8d3ea2d434bf11746cbe52,c0e20903cbf190def1e35d75e7984f344c80a069c64d1468b0a4005194b751d6
65,RECON_20260908_PI_MAIN_S0A_C2_R05,RECON_20260908_PI_MAIN_S0A_C2_R05,,ORIGINAL_ACCEPTED,S0A,C2,5,C2_R05_SCAN_22p0,5003829127621579240,NONE,0,,22.0,0,0,0,,,,,,,NOT_APPLICABLE,,,,,,0,0,0,85,0,0,0,0,0,32,1.47046196875,7.035176,0.12066640625,68.2573125,71.575,2188,2188,40,40,1.0,4.1066866,40,40,0,1.0,4.511540375,40,40,0,1.0,21.883004925,fdc50eff6a76f9f274930d10b5035e05a578df793bce68e77a7a7ca3052e0c5f,268ed6d48074c764ac0a73ed7f390482f805e53accf4bf8318b145b0a48e131e
66,RECON_20260908_PI_MAIN_S4_C2_R05,RECON_20260908_PI_MAIN_S4_C2_R05,,ORIGINAL_ACCEPTED,S4,C2,5,C2_R05_SCAN_22p0,2842395541070670683,UDP,10,250,22.0,1,1,0,568158320614617,568159486401443,,,,,ALERT_ONLY,1165.786826,,,,,0,0,1,50,0,0,0,0,0,35,1.6353934,9.25,0.14412654285714285,68.38862857142857,70.114,2184,2184,0,0,,,40,40,0,1.0,4.50301115,0,0,0,,,a12de4fd31f15a15a0c411f10e2a7a6a13d83a4afc5c7d8176c1f690cfba1744,2d4cd4e0b721d74f79e397ec5b37277ffce440f11fc7e17790e73c9bc74c8434
67,RECON_20260908_PI_MAIN_S6B_C2_R04,RECON_20260908_PI_MAIN_S6B_C2_R04,,ORIGINAL_ACCEPTED,S6B,C2,4,C2_R04_SCAN_40p0,3435945809897938263,MIXED,6,1000,40.0,1,1,0,568207781026921,568211807190755,,,,,ALERT_ONLY,4026.163834,,,,,0,0,1,163,0,0,0,0,0,53,3.882985566037736,100.0,0.19982681132075472,68.40490566037735,70.114,2180,2180,40,40,1.0,7.148627225,40,40,0,1.0,4.406455375,40,40,0,1.0,24.999261025,efcf0825480238356a98b9a6828c678ecba6de5ac79848c955086383575be838,f8b4e864217d5cec713e8464962aba44b47f17f81db5b82b4d3e710df2092868
68,RECON_20260908_PI_MAIN_S3P4_C2_R05,RECON_20260908_PI_MAIN_S3P4_C2_R05,,ORIGINAL_ACCEPTED,S3P4,C2,5,C2_R05_SCAN_114p0,6120257162643154288,TCP,10,12000,114.0,1,0,0,568275022300869,,,,,,ALERT_ONLY,,,,,,0,0,0,36,0,0,0,0,0,127,0.5573373149606299,9.022556,0.21520517322834645,67.56396062992125,70.114,2188,2188,0,0,,,0,0,0,,,0,0,0,,,089726a4998ab1ee3fb690d516945a2ec59b5b55a9c4d4ec7a924df82fda93d6,4f3e0e55f6bba7580f28d85a993effc0baa10a22a87e930ca7770465f35cfe72
69,RECON_20260908_PI_MAIN_S3P3_C4_R05,RECON_20260908_PI_MAIN_S3P3_C4_R05,,ORIGINAL_ACCEPTED,S3P3,C4,5,MATCHED_S3P3_R05,7368726453738893228,TCP,10,2000,24.0,1,1,1,568416521278447,568426543409164,568426865165932,,568428466848178,568428716854846,INTERVAL_CENSORED_NFT,10022.130717,10343.887485,,11945.569731,12195.576399,4,3,0,42,0,0,0,0,3,38,5.8553682894736845,100.0,0.3240646052631579,68.34542105263158,69.627,2184,2184,0,0,,,0,0,0,,,0,0,0,,,676d7a7766dd3769d564cbd04a4a3d8c1d89f60ebba5aedbb629c15d1228fe72,4e9d8b6a7bcbb9805db1bc0d958d34f084857ee88e836053adfd44a01b886398
70,RECON_20260908_PI_MAIN_S3P3_C3_R05,RECON_20260908_PI_MAIN_S3P3_C3_R05,,ORIGINAL_ACCEPTED,S3P3,C3,5,MATCHED_S3P3_R05,7368726453738893228,TCP,10,2000,24.0,1,1,1,568468925109706,568479162766916,568479162928468,568480928989783,,,EXACT_XDP,10237.65721,10237.818762,12003.880077,,,4,3,0,10,0,0,0,3,0,37,0.9940594594594594,7.769424,0.15770164864864866,67.87643243243244,69.14,2180,2180,0,0,,,0,0,0,,,0,0,0,,,edc0564450d79c4abed546efb8c152b4f4200f0e09433a6399027b4040c77ba1,7438b03a8aafd47ab48a72813a95bbb6b1ce9a188a61d195f0944a0370042b10
71,RECON_20260908_PI_MAIN_S3P3_C1_R05,RECON_20260908_PI_MAIN_S3P3_C1_R05,,ORIGINAL_ACCEPTED,S3P3,C1,5,MATCHED_S3P3_R05,7368726453738893228,TCP,10,2000,24.0,1,0,0,568519558366993,,,,,,NO_MITIGATION,,,,,,0,0,0,11,0,0,0,0,0,37,1.0279441891891892,10.025063,0.09728664864864865,68.1001891891892,69.627,2188,2188,0,0,,,0,0,0,,,0,0,0,,,82d37ee8272756ac013c1958839d3f0fecf256d3673af581f6e5c6fe4264f096,b138eb85bf446a6d1aaf43d09a86e1bf8e1ed3a132af6c88e56a3aba6d50ce19
72,RECON_20260908_PI_MAIN_S3P4_C2_R02,RECON_20260908_PI_MAIN_S3P4_C2_R02,,ORIGINAL_ACCEPTED,S3P4,C2,2,C2_R02_SCAN_114p0,5011660846945255175,TCP,10,12000,114.0,1,0,0,568571513574533,,,,,,ALERT_ONLY,,,,,,0,0,0,36,0,0,0,0,0,127,0.4807519212598425,9.547739,0.08782914960629921,67.34922047244095,69.14,2188,2188,0,0,,,0,0,0,,,0,0,0,,,bd2f1f613c84aae836a747386abd3644f660045cf3f6fbda7b280872f3df189b,3e9799b1c10e81c6adaaecf7b2e50028b2beea526c8ad59915af3e057d4b2bcb
73,RECON_20260908_PI_MAIN_S0B_C2_R01,RECON_20260908_PI_MAIN_S0B_C2_R01,,ORIGINAL_ACCEPTED,S0B,C2,1,C2_R01_SCAN_24p0,7488687273195644305,NONE,0,,24.0,0,0,0,,,,,,,NOT_APPLICABLE,,,,,,0,0,0,96,0,0,0,0,0,35,2.460912542857143,15.037594,0.10500842857142857,68.12425714285715,70.114,2184,2184,40,40,1.0,4.8691319,40,40,0,1.0,4.871775575,40,40,0,1.0,22.045389025,5c7acd3aed06df0d24a832c8a3cf94086345542033daa7132c0449b4e8375063,8c37dadda893cc8d6eb3cae566430e4d804a3206324be04c2670858158728b68
74,RECON_20260908_PI_MAIN_S3P3_C2_R01,RECON_20260908_PI_MAIN_S3P3_C2_R01,,ORIGINAL_ACCEPTED,S3P3,C2,1,C2_R01_SCAN_24p0,344322987200046027,TCP,10,2000,24.0,1,1,0,568762290809431,568772472905437,,,,,ALERT_ONLY,10182.096006,,,,,0,0,1,16,0,0,0,0,0,37,0.9664598648648649,7.730673,0.12511886486486487,67.92908108108108,69.627,2188,2188,0,0,,,0,0,0,,,0,0,0,,,fa833f0740eb4cf8455fae292c00e99d751bfec9d918dec5f499f3ad90006ab2,d7385cf4720cc432bb3ae35600b843a36edb0c56ec65572cb71cd3989be42281
75,RECON_20260908_PI_MAIN_S4_C3_R03,RECON_20260908_PI_MAIN_S4_C3_R03,,ORIGINAL_ACCEPTED,S4,C3,3,STANDALONE_S4_R03,6294456640517241219,UDP,10,250,22.0,1,1,1,568813076168263,568814261599503,568814261658410,568814327607647,,,EXACT_XDP,1185.43124,1185.490147,1251.439384,,,5,4,0,54,0,0,0,19,0,35,1.6945714857142857,10.972569,0.1646622857142857,67.99902857142857,69.14,2192,2192,0,0,,,40,40,0,1.0,4.650993125,0,0,0,,,e57047bb13fc0b690a1b365ef7aa44b4c75f590628ab1dfa202bf0ebba77c42e,9d5a73fe2919810050e6499bd32beaa8a940fba265cadc976d827f0ebea0f3c2
76,RECON_20260908_PI_MAIN_S3P4_C2_R04,RECON_20260908_PI_MAIN_S3P4_C2_R04,,ORIGINAL_ACCEPTED,S3P4,C2,4,C2_R04_SCAN_114p0,8709403836172912600,TCP,10,12000,114.0,1,0,0,568862790992498,,,,,,ALERT_ONLY,,,,,,0,0,0,45,0,0,0,0,0,127,0.5709081417322834,9.226933,0.09965162992125984,67.31854330708661,69.14,2188,2188,0,0,,,0,0,0,,,0,0,0,,,8ab1181b521cc14b438ea8a6b6cc7ff303b2065db5eac2b62a67a9df016017b9,a9ae3c98af590ad86defc39277008703f392047af6ba944c8ff19e3df28eb99b
77,RECON_20260908_PI_MAIN_S4_C2_R02,RECON_20260908_PI_MAIN_S4_C2_R02,,ORIGINAL_ACCEPTED,S4,C2,2,C2_R02_SCAN_22p0,7137591416795289606,UDP,10,250,22.0,1,1,0,569004080861952,569005308709663,,,,,ALERT_ONLY,1227.847711,,,,,0,0,1,54,0,0,0,0,0,35,1.6663366285714285,9.798995,0.07657654285714285,68.01294285714286,69.627,2192,2192,0,0,,,40,40,0,1.0,4.5848464,0,0,0,,,987aa66a40fcf2815b2b50f5d7fc712576cff7d23800f13b08ad480195bdb2cf,92576ad0fdfea350f420f20bbd9626aee864afba7bfb86584656682e9794f362
78,RECON_20260908_PI_MAIN_S0A_C2_R02,RECON_20260908_PI_MAIN_S0A_C2_R02,,ORIGINAL_ACCEPTED,S0A,C2,2,C2_R02_SCAN_22p0,6983382161474655667,NONE,0,,22.0,0,0,0,,,,,,,NOT_APPLICABLE,,,,,,0,0,0,81,0,0,0,0,0,32,1.4712091875,6.549118,0.0854188125,67.75509375,70.114,2172,2172,40,40,1.0,5.904296025,40,40,0,1.0,4.9737158,40,40,0,1.0,25.66157075,97d2008ece25bfc6fa1d4f12acc70d475cce1a52c33330c1914b79fad8308096,6afe69515c56ff4bd6c12e0bce5c0f870e37a70dd6580ac2a3591afaaefd41be
79,RECON_20260908_PI_MAIN_S3P2_C2_R04,RECON_20260908_PI_MAIN_S3P2_C2_R04,,ORIGINAL_ACCEPTED,S3P2,C2,4,C2_R04_SCAN_21p0,6167905089799867762,TCP,10,1600,21.0,1,1,0,569099841875455,569107973554973,,,,,ALERT_ONLY,8131.679518,,,,,0,0,1,11,0,0,0,0,0,34,1.2216643529411766,9.226933,0.1314050588235294,67.85088235294117,69.14,2180,2180,0,0,,,0,0,0,,,0,0,0,,,0352d27f5fa39e86c24e4dab31e04fcc538fabd2043f600e7d4ba571ff43b6a8,3aaee6b83e9beaeb11167b8fb290285f2f6b11b2f370bc5718c2a71de825f469
80,RECON_20260908_PI_MAIN_S3P3_C4_R02,RECON_20260908_PI_MAIN_S3P3_C4_R02,,ORIGINAL_ACCEPTED,S3P3,C4,2,MATCHED_S3P3_R02,6738418808919608595,TCP,10,2000,24.0,1,1,1,569147792408693,569157951363888,569158280394036,,569159622917272,569159873063849,INTERVAL_CENSORED_NFT,10158.955195,10487.985343,,11830.508579,12080.655156,4,3,0,12,0,0,0,0,3,38,3.3003765,10.552764,0.13134765789473685,68.46076315789473,69.627,2188,2188,0,0,,,0,0,0,,,0,0,0,,,711ac75c7d57e2171f0fc303344983054b413c71c8e8a5fb48a4f2908d9d7b24,9bdca876c604fd14d111df0ed6e8d851fb8593f1811c543eb5e0fb29d8d0385c
81,RECON_20260908_PI_MAIN_S3P3_C3_R02,RECON_20260908_PI_MAIN_S3P3_C3_R02,,ORIGINAL_ACCEPTED,S3P3,C3,2,MATCHED_S3P3_R02,6738418808919608595,TCP,10,2000,24.0,1,1,1,569200375226269,569210585728809,569210585867677,569212378006342,,,EXACT_XDP,10210.50254,10210.641408,12002.780073,,,4,3,0,16,0,0,0,3,0,37,3.6971538648648647,100.0,0.05405397297297297,68.04754054054054,69.627,2188,2188,0,0,,,0,0,0,,,0,0,0,,,4a156b95fd3812931946c684ee5b32fb9866fe15677afaa48d515bc1906eeb7c,3d0a95f52ae35919657fdfeff297541f2782303b68f32aa67b67d47caf04bf6f
82,RECON_20260908_PI_MAIN_S3P3_C1_R02,RECON_20260908_PI_MAIN_S3P3_C1_R02,,ORIGINAL_ACCEPTED,S3P3,C1,2,MATCHED_S3P3_R02,6738418808919608595,TCP,10,2000,24.0,1,0,0,569251796548163,,,,,,NO_MITIGATION,,,,,,0,0,0,22,0,0,0,0,0,37,1.0483142432432433,7.75,0.13147972972972974,68.04754054054054,69.14,2188,2188,0,0,,,0,0,0,,,0,0,0,,,8472d4b2aeec6f71c920370d609ae30b8798ef2c29732f3a7349b822d1129077,8dd2420f73942c012f586ecee87791291e25f55a39f9dc7e9c4fe582df1bdec1
83,RECON_20260908_PI_MAIN_S0A_C0_T1_R03,RECON_20260908_PI_MAIN_S0A_C0_T1_R03,,ORIGINAL_ACCEPTED,S0A,C0_T1,3,OVERHEAD_R03,4944253455966496160,NONE,0,,22.0,0,0,0,,,,,,,NOT_APPLICABLE,,,,,,0,0,0,89,0,0,0,0,0,32,1.431827,10.526316,0.121643125,67.8920625,70.114,2172,2172,40,40,1.0,5.3321417,40,40,0,1.0,4.37701335,40,40,0,1.0,31.95242765,69d8c126c1c460d1cb3f0537d7bfe6b66267a0428c5ab3fde0e41efe4e47de5c,397206538f924f5ab02b09e82b99375272b783787b742db998cbbb9512bd2bfb
84,RECON_20260908_PI_MAIN_S0A_C0_T0_R03,RECON_20260908_PI_MAIN_S0A_C0_T0_R03,,ORIGINAL_ACCEPTED,S0A,C0_T0,3,OVERHEAD_R03,4944253455966496160,NONE,0,,22.0,0,0,0,,,,,,,NOT_APPLICABLE,,,,,,0,0,0,,,,,,0,32,1.579505625,12.5,0.05641178125,67.96815625,69.627,,,40,40,1.0,5.916919775,40,40,0,1.0,4.440733425,40,40,0,1.0,28.233418625,6423150578b652d9780638af089aecd4c227c8a8b01146f058da707d8d92a8b2,4a27e26a37743489a296ec959d159a1f76d292215c76bc0ab71e9fe2bd8254d5
85,RECON_20260908_PI_MAIN_S7L1_C3_R02,RECON_20260908_PI_MAIN_S7L1_C3_R02,,ORIGINAL_ACCEPTED,S7L1,C3,2,S7_R02,5602194519821542910,TCP,1024,1,30.0,1,1,1,569396460221258,569396701257720,569396702161518,569396702842469,,,EXACT_XDP,241.036462,241.94026,242.621211,,,5,4,0,1026,0,0,0,782,0,43,3.4475561860465116,14.75,0.11162332558139534,68.29058139534884,69.627,2180,2180,0,0,,,0,0,0,,,0,0,0,,,ad2bbd21a6076458c76d4bba58516c92b2c6759d8e36ef77dd1189f5fd0ee8ba,7010f48750985480822dab3e44918ff36f0022006e58acf8699277cb2a5cc1ac
86,RECON_20260908_PI_MAIN_S7L2_C3_R02,RECON_20260908_PI_MAIN_S7L2_C3_R02,,ORIGINAL_ACCEPTED,S7L2,C3,2,S7_R02,2248025667832000446,TCP,3686,1,30.0,1,1,1,569456014124359,569456163635242,569456164196158,569456164213510,,,EXACT_XDP,149.510883,150.071799,150.089151,,,5,4,0,3691,0,0,0,3542,0,43,5.1285201860465115,15.037594,0.18847662790697675,69.06072093023256,70.601,2184,2184,0,0,,,0,0,0,,,0,0,0,,,e1247bd37ebc49cf3f1272a6a2f9a467f79ecef9b9851cc78f1ed7151bcbe0b2,53442964e4de31155bc98736f1c6ddd66613398d2edab148149f93c60edd506b
87,RECON_20260908_PI_MAIN_S7L3_C3_R02,RECON_20260908_PI_MAIN_S7L3_C3_R02,,ORIGINAL_ACCEPTED,S7L3,C3,2,S7_R02,9037884517837639549,TCP,4608,1,60.0,1,1,1,569518203011724,569518276094653,569518276381499,569518276477664,,,EXACT_XDP,73.082929,73.369775,73.46594,,,5,5,0,4096,517,517,0,4537,0,73,3.978908465753425,15.21197,0.16770794520547946,69.7937808219178,71.088,2188,2188,0,0,,,0,0,0,,,0,0,0,,,df1bd27dbdc22313fe7ee69383ca541915b5b51a1e79ad3d6d48a669c2d71b11,35d3909324405acdc29ede49a874ad722210b0e2f7e4e9fc8b2f09cb05f96c2e
88,RECON_20260908_PI_MAIN_S3P4_C2_R03,RECON_20260908_PI_MAIN_S3P4_C2_R03,,ORIGINAL_ACCEPTED,S3P4,C2,3,C2_R03_SCAN_114p0,4718873165633766029,TCP,10,12000,114.0,1,0,0,569609929500605,,,,,,ALERT_ONLY,,,,,,0,0,0,33,0,0,0,0,0,127,0.5353559763779527,11.5,0.10251988976377953,68.18900787401574,71.088,2188,2188,0,0,,,0,0,0,,,0,0,0,,,def7a454d998c199ade2ade42bbdd9c9533c8fb636c67191d89643465bad5025,92b6087412a09db552b18e18380b8575517656e1cc17ff8fe6b299703eda972d
89,RECON_20260908_PI_MAIN_S2_C2_R03,RECON_20260908_PI_MAIN_S2_C2_R03,,ORIGINAL_ACCEPTED,S2,C2,3,C2_R03_SCAN_12p0,3609592068725696235,TCP,10,500,12.0,1,1,0,569751963857544,569754150396460,,,,,ALERT_ONLY,2186.538916,,,,,0,0,1,10,0,0,0,0,0,25,5.32145828,100.0,0.0599218,68.5556,69.627,2188,2188,0,0,,,0,0,0,,,0,0,0,,,232319cde2fdcc7be50502a0c3bfe0b1447cd4bbcf6cb4a07dffe78293c91dbd,25997a8734a4862af4706481ef1ae0e46e9cb7c306730f5824dc86015e8b3f08
90,RECON_20260908_PI_MAIN_S1_C2_R03,RECON_20260908_PI_MAIN_S1_C2_R03,,ORIGINAL_ACCEPTED,S1,C2,3,C2_R03_SCAN_12p0,2385423419746871645,TCP,10,250,12.0,1,1,0,569791201877090,569792421714829,,,,,ALERT_ONLY,1219.837739,,,,,0,0,1,100,0,0,0,0,0,25,1.39105336,7.769424,0.0300782,68.4582,70.114,2192,2192,0,0,,,0,0,0,,,0,0,0,,,5d63047b3b0218f706ff074cb91572d66ac8b9b322ab6cc4336cc7ffcdcfefff,5e7fdbe998ec2dabb0c9cc04cf7c8980baa302259c3ab4f533343250d8a3c899
91,RECON_20260908_PI_MAIN_S6A_C2_R03,RECON_20260908_PI_MAIN_S6A_C2_R03,,ORIGINAL_ACCEPTED,S6A,C2,3,C2_R03_SCAN_12p0,8800659305832244489,MIXED,6,250,12.0,1,1,0,569830665157253,569831702872723,,,,,ALERT_ONLY,1037.71547,,,,,0,0,1,6,0,0,0,0,0,25,1.51033388,5.75,0.2498044,68.2634,69.627,2188,2188,0,0,,,0,0,0,,,0,0,0,,,f2882fe55d046e3fc260a70dea46e5de6500a1622cfd08477678f5fd1596969b,d8d1e0f81daa32f54f08a57f02eaee31b536b0d99d5f3a4259d4fbef5864d609
92,RECON_20260908_PI_MAIN_S5_C2_R03,RECON_20260908_PI_MAIN_S5_C2_R03,,ORIGINAL_ACCEPTED,S5,C2,3,C2_R03_SCAN_12p0,5593754172359340609,MIXED,10,500,12.0,1,1,0,569870025383688,569872042173508,,,,,ALERT_ONLY,2016.78982,,,,,0,0,1,10,0,0,0,0,0,25,1.27137944,7.5,0.15912084,68.653,70.114,2188,2188,0,0,,,0,0,0,,,0,0,0,,,069cc90447a478c852a39d9d8f9b92eeec9951c13b4fd94429f48207353adcbd,36bdf34feb618552e658654aa794c74682a28ad6dbef3eec87268a6d43c34925
93,RECON_20260908_PI_MAIN_S6B_C2_R03,RECON_20260908_PI_MAIN_S6B_C2_R03,,ORIGINAL_ACCEPTED,S6B,C2,3,C2_R03_SCAN_40p0,8997384043255522875,MIXED,6,1000,40.0,1,1,0,569908843658028,569912861751072,,,,,ALERT_ONLY,4018.093044,,,,,0,0,1,147,0,0,0,0,0,53,2.015909679245283,7.25,0.16509432075471697,68.653,70.601,2188,2188,40,40,1.0,5.7967694,40,40,0,1.0,5.135479425,40,40,0,1.0,26.083813775,fee22b83ef532881b54fcb796204133dfaf3f1966cf814ef04dc58b687034c50,fff07bcbfbc4092b9b03ac2fb0205e14f4a1caaa21c773c3dd2fe5a74fbc5489
94,RECON_20260908_PI_MAIN_S1_C1_R01,RECON_20260908_PI_MAIN_S1_C1_R01,,ORIGINAL_ACCEPTED,S1,C1,1,MATCHED_S1_R01,3635626954574171177,TCP,10,250,12.0,1,0,0,569976749741475,,,,,,NO_MITIGATION,,,,,,0,0,0,16,0,0,0,0,0,25,1.37030436,7.75,0.1237306,68.51664,69.627,2192,2192,0,0,,,0,0,0,,,0,0,0,,,e9396c1cc8f11119bcd2fcb1c5c35a730a9f363e92512f42b3342ac58eb3eb4e,6f1b61d31e223326a1b64d195fc5566f583a127d5a9112f024f8f8d48dafb9a9
95,RECON_20260908_PI_MAIN_S1_C4_R01,RECON_20260908_PI_MAIN_S1_C4_R01,,ORIGINAL_ACCEPTED,S1,C4,1,MATCHED_S1_R01,3635626954574171177,TCP,10,250,12.0,1,1,1,570015562689374,570016740987690,570017019461264,,570016929125076,570017178300024,INTERVAL_CENSORED_NFT,1178.298316,1456.77189,,1366.435702,1615.61065,3,3,0,12,0,0,0,0,4,26,3.6968350384615385,11.75,0.11459584615384615,69.0838076923077,70.114,2188,2188,0,0,,,0,0,0,,,0,0,0,,,b8dd447856a0a7fa84b525dff3f5700d601e2ec320d1b09a72410cc539197b9f,774d6872f39aa2f409a18b877103f41e429ceeeeb1f6d0d9e86a36514551400a
96,RECON_20260908_PI_MAIN_S1_C3_R01,RECON_20260908_PI_MAIN_S1_C3_R01,,ORIGINAL_ACCEPTED,S1,C3,1,MATCHED_S1_R01,3635626954574171177,TCP,10,250,12.0,1,1,1,570056209406212,570057360110001,570057360185036,570057464142918,,,EXACT_XDP,1150.703789,1150.778824,1254.736706,,,3,2,0,12,0,0,0,5,0,25,1.29293732,7.518797,0.0576172,68.63352,70.114,2192,2192,0,0,,,0,0,0,,,0,0,0,,,b88446a35e1f5a9d771a162e91935cb0af0f9fa57c072d37ccf37fd0f7664b99,7fe09502ed7e8b6b8a9b06e1619aa15ef01a6eb0beb7b7c56cecb989e46470b8
97,RECON_20260908_PI_MAIN_S4_C3_R01,RECON_20260908_PI_MAIN_S4_C3_R01,,ORIGINAL_ACCEPTED,S4,C3,1,STANDALONE_S4_R01,4751335944893206463,UDP,10,250,22.0,1,1,1,570095249822029,570096420234160,570096420296530,570096503006321,,,EXACT_XDP,1170.412131,1170.474501,1253.184292,,,5,4,0,54,0,0,0,17,0,35,4.501784542857143,100.0,0.16311385714285714,68.8478,70.114,2188,2188,0,0,,,40,40,0,1.0,4.748367875,0,0,0,,,5ff8295309f280c4a200aa5bc145f6d5f2ca76367d02cb9b52e815a164022c2a,a6ba6a980f6dfce52910480a3a57463b63b15df6886e3868cdcad1adfa12bc63
98,RECON_20260908_PI_MAIN_S3P3_C2_R05,RECON_20260908_PI_MAIN_S3P3_C2_R05,,ORIGINAL_ACCEPTED,S3P3,C2,5,C2_R05_SCAN_24p0,7368726453738893228,TCP,10,2000,24.0,1,1,0,570144649133166,570154771403718,,,,,ALERT_ONLY,10122.270552,,,,,0,0,1,38,0,0,0,0,0,37,1.0678070810810811,9.5,0.15193475675675674,68.45556756756757,69.627,2188,2188,0,0,,,0,0,0,,,0,0,0,,,e643a3cb77a682f28fa0156ca35e47cf6e4a04d6e16549f6f5c8bca67df368a8,bbdb263a7d4ee04b9163b177816549425aa050b5b65a6e3cd7b8ee4c6e5af996
99,RECON_20260908_PI_MAIN_S0B_C2_R05,RECON_20260908_PI_MAIN_S0B_C2_R05,,ORIGINAL_ACCEPTED,S0B,C2,5,C2_R05_SCAN_24p0,8547915594593128360,NONE,0,,24.0,0,0,0,,,,,,,NOT_APPLICABLE,,,,,,0,0,0,92,0,0,0,0,0,34,2.6052657058823527,19.0,0.11333867647058823,68.88217647058823,70.114,2188,2188,40,40,1.0,4.979154475,40,40,0,1.0,4.967520975,40,40,0,1.0,23.42888175,358784c8fafa9ff2cd82a5c3e1eef4619ff970520bb2e95915496020eb49e7f7,98f274eb85730dbbc75a34be60e20ccb0c04ef16acd4ced9ad82ce26f3fa0801
100,RECON_20260908_PI_MAIN_S3P2_C2_R03,RECON_20260908_PI_MAIN_S3P2_C2_R03,,ORIGINAL_ACCEPTED,S3P2,C2,3,C2_R03_SCAN_21p0,6887204006008139200,TCP,10,1600,21.0,1,1,0,570244041632129,570252171571391,,,,,ALERT_ONLY,8129.939262,,,,,0,0,1,42,0,0,0,0,0,34,1.1046433529411763,9.296482,0.11322402941176471,68.56705882352941,70.114,2188,2188,0,0,,,0,0,0,,,0,0,0,,,6ee8641c32958247939bc1aab6e8e1d365c36ab076739e3822644f70dcf8f96b,55e59a2dc5dca2270d591f3f7adb54e9fe136ef5d6bf69ec4832f521b577d739
101,RECON_20260908_PI_MAIN_S0B_C2_R03,RECON_20260908_PI_MAIN_S0B_C2_R03,,ORIGINAL_ACCEPTED,S0B,C2,3,C2_R03_SCAN_24p0,6197555204566479533,NONE,0,,24.0,0,0,0,,,,,,,NOT_APPLICABLE,,,,,,0,0,0,86,0,0,0,0,0,34,2.4473183529411764,15.869018,0.048971705882352945,68.9394705882353,70.601,2188,2188,40,40,1.0,4.387663075,40,40,0,1.0,4.53050295,40,40,0,1.0,21.9252443,53f84e7b787fe7ada175fa425b22398e266daf7e499490fe7933f519184734b7,11e0da9417ca8e2c64a4edaa912cc931d68f29be4b49aed4e8e49a5540dacbc5
102,RECON_20260908_PI_MAIN_S3P3_C2_R03,RECON_20260908_PI_MAIN_S3P3_C2_R03,,ORIGINAL_ACCEPTED,S3P3,C2,3,C2_R03_SCAN_24p0,7463260774621527860,TCP,10,2000,24.0,1,1,0,570341197555791,570351288111517,,,,,ALERT_ONLY,10090.555726,,,,,0,0,1,10,0,0,0,0,0,37,0.9482699189189189,11.055276,0.06768651351351351,68.57402702702703,70.114,2188,2188,0,0,,,0,0,0,,,0,0,0,,,932d7f7d8ccde7deb0892ff373c457a440d0357429a89cc2c1027e941b30c2fa,5356780228b39cf4a40bd5646924b112462068b81c55afdc31e7a65e994a30dc
103,RECON_20260908_PI_MAIN_S6B_C3_R01,RECON_20260908_PI_MAIN_S6B_C3_R01,,ORIGINAL_ACCEPTED,S6B,C3,1,STANDALONE_S6B_R01,8909916251273395171,MIXED,6,1000,40.0,1,1,1,570392230691797,570396327160797,570396327407645,570397233112324,,,EXACT_XDP,4096.469,4096.715848,5002.420527,,,4,4,0,147,0,0,0,21,0,53,3.9501632452830187,100.0,0.0602428679245283,68.50598113207548,70.601,2192,2192,40,40,1.0,5.5209649,40,40,0,1.0,4.511385325,40,40,0,1.0,23.778559975,33c778153891ee679e101211162cf1841eed38154029fc2358cbdffdbe9a92ef,40016e6be30cc4e863b5345df207bfc9283fffd63b27780ee7ef671533923170
104,RECON_20260908_PI_MAIN_S0A_C3_R02,RECON_20260908_PI_MAIN_S0A_C3_R02,,ORIGINAL_ACCEPTED,S0A,C3,2,STANDALONE_S0A_R02,6983382161474655667,NONE,0,,22.0,0,0,0,,,,,,,NOT_APPLICABLE,,,,,,0,0,0,81,0,0,0,0,0,32,1.40055675,10.5,0.139389,68.27253125,70.114,2184,2184,40,40,1.0,4.9476284249999996,40,40,0,1.0,4.7832716,40,40,0,1.0,22.399313875,a21fa6efa796b19b65addcde2aef30fbcb123c2deee9843d8a5030d52e944bd4,d7c8c308bd2247f0dac14745d7380c01c10cd57b5d99c8f64d6c017d50d02f42
105,RECON_20260908_PI_MAIN_S6B_C3_R05,RECON_20260908_PI_MAIN_S6B_C3_R05,,ORIGINAL_ACCEPTED,S6B,C3,5,STANDALONE_S6B_R05,5261714730019291095,MIXED,6,1000,40.0,1,1,1,570506022181148,570510233994089,570510234163679,570511023559075,,,EXACT_XDP,4211.812941,4211.982531,5001.377927,,,4,4,0,147,0,0,0,20,0,53,2.0340805660377357,9.0,0.27352967924528304,68.64381132075472,70.601,2192,2192,40,40,1.0,5.804435325,40,40,0,1.0,4.7050102250000005,40,40,0,1.0,25.7882851,437b749307bb3c4cf4359bffb972bdd3e118e7561e55cb614f70b00f1cec9f05,491826a903d27f215fff370646af0d156e52d3fcb0219a19c808540319276d45
106,RECON_20260908_PI_MAIN_S0B_C2_R04,RECON_20260908_PI_MAIN_S0B_C2_R04,,ORIGINAL_ACCEPTED,S0B,C2,4,C2_R04_SCAN_24p0,905555721088786728,NONE,0,,24.0,0,0,0,,,,,,,NOT_APPLICABLE,,,,,,0,0,0,90,0,0,0,0,0,34,2.4717306470588234,16.75,0.22219661764705884,68.88217647058823,70.114,2192,2192,40,40,1.0,6.26357105,40,40,0,1.0,5.483649725,40,40,0,1.0,22.3253954,33179c870cb98354edce38d63168fa7fc1b0459424b894f5faa17f0cfc86f3b7,ed4e65218286e5a121e583febe512edb4caae891817dc2db5b10b2d61b5245c7
107,RECON_20260908_PI_MAIN_S3P3_C2_R04,RECON_20260908_PI_MAIN_S3P3_C2_R04,,ORIGINAL_ACCEPTED,S3P3,C2,4,C2_R04_SCAN_24p0,1551295374371345389,TCP,10,2000,24.0,1,1,0,570621869704037,570631989677899,,,,,ALERT_ONLY,10119.973862,,,,,0,0,1,12,0,0,0,0,0,37,0.9879995135135136,7.537688,0.17310245945945946,68.52137837837837,69.627,2188,2188,0,0,,,0,0,0,,,0,0,0,,,d543b5669a85e1d56f7ff6f4509056253a1746ef824bd738be6e7e0faf860371,635b5ee080f6b6c261a9902e854bcd0a57053fedc6d23624dad8c717d5dc78f8
108,RECON_20260908_PI_MAIN_S0A_C3_R01,RECON_20260908_PI_MAIN_S0A_C3_R01,,ORIGINAL_ACCEPTED,S0A,C3,1,STANDALONE_S0A_R01,530759494310193868,NONE,0,,22.0,0,0,0,,,,,,,NOT_APPLICABLE,,,,,,0,0,0,83,0,0,0,0,0,32,1.68935746875,8.312343,0.136444125,68.28775,70.114,2188,2188,40,40,1.0,5.204404925,40,40,0,1.0,3.8221229,40,40,0,1.0,22.66413595,cc27b3a1074af523e28a2da7131693d5ef7487cf053e268bb52ff02dd537d35c,02f8df782c62fd80960dff4c9931ce2d6b2a5689f79b6e2c3020a86cfd73e072
109,RECON_20260908_PI_MAIN_S6B_C2_R05,RECON_20260908_PI_MAIN_S6B_C2_R05,,ORIGINAL_ACCEPTED,S6B,C2,5,C2_R05_SCAN_40p0,5261714730019291095,MIXED,6,1000,40.0,1,1,0,570719471595112,570723575713825,,,,,ALERT_ONLY,4104.118713,,,,,0,0,1,147,0,0,0,0,0,53,2.052856113207547,10.526316,0.170327320754717,68.51516981132076,70.114,2188,2188,40,40,1.0,5.686139175,40,40,0,1.0,5.018825425,40,40,0,1.0,23.9229179,d4b6f2379434d885642bc327fd2c0c24c86d401be773109bd532e11f3b90dce3,4cbf57146f546a4c25c552a780be33301ffa05cb680c57b905b95298d12c10b1
110,RECON_20260908_PI_MAIN_S4_C3_R02,RECON_20260908_PI_MAIN_S4_C3_R02,,ORIGINAL_ACCEPTED,S4,C3,2,STANDALONE_S4_R02,7137591416795289606,UDP,10,250,22.0,1,1,1,570786860820917,570787932342384,570787932416493,570788114227759,,,EXACT_XDP,1071.521467,1071.595576,1253.406842,,,5,4,0,56,0,0,0,26,0,38,3.055788657894737,50.0,0.09736086842105263,68.64018421052631,70.114,2192,2192,0,0,,,40,40,0,1.0,4.331487475,0,0,0,,,fede2d5c426e4328470cf7ea0f84596660af6ecf94e601ab96e521630dee82ca,ceefaa702f0bbbbf62116c7e90a73909b4fcddf47ef239c0af802d912c938c61
111,RECON_20260908_PI_MAIN_S0A_C3_R04,RECON_20260908_PI_MAIN_S0A_C3_R04,,ORIGINAL_ACCEPTED,S0A,C3,4,STANDALONE_S0A_R04,7595065002470426767,NONE,0,,22.0,0,0,0,,,,,,,NOT_APPLICABLE,,,,,,0,0,0,97,0,0,0,0,0,32,1.51758571875,6.766917,0.13443,68.18121875,70.601,2192,2192,40,40,1.0,5.3975402,40,40,0,1.0,5.454412925,40,40,0,1.0,23.58677505,e04c2c6d001b2a8f775bcb977715370c6498f72a343fcddaf4cd1a3fe17ec8b9,e7fb0ab4fd64fffe0dd9562e8ae6878b39a1cbc169e194803951f3c2f900bf1b
112,RECON_20260908_PI_MAIN_S1_C2_R04,RECON_20260908_PI_MAIN_S1_C2_R04,,ORIGINAL_ACCEPTED,S1,C2,4,C2_R04_SCAN_12p0,5798949736423142048,TCP,10,250,12.0,1,1,0,570884881133474,570886097905288,,,,,ALERT_ONLY,1216.771814,,,,,0,0,1,12,0,0,0,0,0,25,1.32234,8.77193,0.11769531999999999,68.76988,69.627,2192,2192,0,0,,,0,0,0,,,0,0,0,,,927820a0f3ad5da18a955cf9ab2f96faf52ca9e076d3125520d3b335c9005fd7,3300379e238014b5022fafef9e6476fe82e1ceb8dd561a2904fe718d98809ab7
113,RECON_20260908_PI_MAIN_S0B_C3_R01,RECON_20260908_PI_MAIN_S0B_C3_R01,,ORIGINAL_ACCEPTED,S0B,C3,1,STANDALONE_S0B_R01,7488687273195644305,NONE,0,,24.0,0,0,0,,,,,,,NOT_APPLICABLE,,,,,,0,0,0,88,0,0,0,0,0,34,2.527484029411765,17.042607,0.22449461764705883,69.14,70.601,2192,2192,40,40,1.0,5.87846335,40,40,0,1.0,3.63375505,40,40,0,1.0,23.783743825000002,64c05906668be4da545b02f8a5f6876660dd098e5a9304350a15451cbfbf24d0,05bbc6c38bbd08b662ec0903a58d494067a096e0b212c53a7277019d79bd3484
114,RECON_20260908_PI_MAIN_S3P1_C2_R03,RECON_20260908_PI_MAIN_S3P1_C2_R03,,ORIGINAL_ACCEPTED,S3P1,C2,3,C2_R03_SCAN_15p0,1043188644327682241,TCP,10,1000,15.0,1,1,0,570973128699932,570977238747934,,,,,ALERT_ONLY,4110.048002,,,,,0,0,1,10,0,0,0,0,0,28,1.2075741071428572,7.518797,0.16627735714285716,68.87910714285715,70.114,2192,2192,0,0,,,0,0,0,,,0,0,0,,,fecab63548b36e9c8472acb3a84167263ecafc5506d9d17a76f5622b56e86585,a616bdd4d08277fadadbda9f116e827445cf2a50a61166f5ab82aef0e03c488f
115,RECON_20260908_PI_MAIN_S5_C3_R04,RECON_20260908_PI_MAIN_S5_C3_R04,,ORIGINAL_ACCEPTED,S5,C3,4,STANDALONE_S5_R04,7677540127732578839,MIXED,10,500,12.0,1,1,1,571015224888888,571017265013645,571017265071385,571017727555190,,,EXACT_XDP,2040.124757,2040.182497,2502.666302,,,3,2,0,76,0,0,0,5,0,25,1.28168288,8.02005,0.13845688,68.76988,69.627,2176,2176,0,0,,,0,0,0,,,0,0,0,,,22a51be07523e6ed075ff7b5549b12b6c93be0a47d27cceb8d72455bfe2a69e9,267620b5b3e4f65c088774909aa22af69ad30d46df39e573071316e38faf2971
116,RECON_20260908_PI_MAIN_S6B_C3_R03,RECON_20260908_PI_MAIN_S6B_C3_R03,,ORIGINAL_ACCEPTED,S6B,C3,3,STANDALONE_S6B_R03,8997384043255522875,MIXED,6,1000,40.0,1,1,1,571054425259398,571058551778802,571058552090111,571059428900699,,,EXACT_XDP,4126.519404,4126.830713,5003.641301,,,4,4,0,155,0,0,0,21,0,53,2.061225962264151,9.75,0.16154735849056603,68.99298113207547,70.601,2180,2180,40,40,1.0,5.797240125,40,40,0,1.0,3.975037325,40,40,0,1.0,23.1755239,17d858549d592e3022524e2605f4100e83edac14b80f75e8ae706cc55394e8b0,4dbf36d58389fb6ed0ceba8711a9fd8123ed8cbd8974eb90a228dedaf89d0016
117,RECON_20260908_PI_MAIN_S4_C3_R04,RECON_20260908_PI_MAIN_S4_C3_R04,,ORIGINAL_ACCEPTED,S4,C3,4,STANDALONE_S4_R04,2244168523270381401,UDP,10,250,22.0,1,1,1,571121918234496,571122947803441,571122947866125,571123169433030,,,EXACT_XDP,1029.568945,1029.631629,1251.198534,,,5,4,0,50,0,0,0,19,0,35,1.7214876,8.0,0.05810542857142857,68.76431428571429,70.601,2188,2188,0,0,,,40,40,0,1.0,3.9785612,0,0,0,,,ed3e1a8a5fd07dd9164fc668506c87ac0e7deed49fadcd3ea16693a740a59d9c,969b2cfb2590a48ea0900de9aaf0e1d692c047f5d6e6e3603b27ad1d121aee5e
118,RECON_20260908_PI_MAIN_S0A_C0_T1_R02,RECON_20260908_PI_MAIN_S0A_C0_T1_R02,,ORIGINAL_ACCEPTED,S0A,C0_T1,2,OVERHEAD_R02,6983382161474655667,NONE,0,,22.0,0,0,0,,,,,,,NOT_APPLICABLE,,,,,,0,0,0,113,0,0,0,0,0,32,1.5653834375,7.26817,0.087631125,68.4095,71.088,2192,2192,40,40,1.0,10.091660325,40,40,0,1.0,7.5357804250000004,40,40,0,1.0,28.894659575,031ad9a8f945d2d371532b2765f4a892965bf563bf87c89d77f57465ac624629,4087ce4592dcc2eeff5a9b6b980f6e30161765c9a011eb73988003f56a238748
119,RECON_20260908_PI_MAIN_S0A_C0_T0_R02,RECON_20260908_PI_MAIN_S0A_C0_T0_R02,,ORIGINAL_ACCEPTED,S0A,C0_T0,2,OVERHEAD_R02,6983382161474655667,NONE,0,,22.0,0,0,0,,,,,,,NOT_APPLICABLE,,,,,,0,0,0,,,,,,0,32,1.3209899375,8.229426,0.04127496875,68.5008125,71.088,,,40,40,1.0,4.644498325,40,40,0,1.0,4.446175475,40,40,0,1.0,25.15480975,fc77887aee63e0f5ecd5a4ff057f2653853e45cd103f75275e56e5695de2a07e,5c14ceab136cc0365d03bfce99d0ddf35c1f386e19c50c851de0a5b5588f813b
120,RECON_20260908_PI_MAIN_S3P3_C1_R01,RECON_20260908_PI_MAIN_S3P3_C1_R01,,ORIGINAL_ACCEPTED,S3P3,C1,1,MATCHED_S3P3_R01,344322987200046027,TCP,10,2000,24.0,1,0,0,571262183220349,,,,,,NO_MITIGATION,,,,,,0,0,0,10,0,0,0,0,0,37,1.181964108108108,8.208955,0.03158005405405405,68.23181081081081,70.114,2192,2192,0,0,,,0,0,0,,,0,0,0,,,1f84903bb4913ace24af6e933565d43ea2b9d568dea8318d97aa7cb9175f566f,88f879d03651516ae3f4eb73cd8e57c6e18ce157583117e6ef91803ec1a8681d
121,RECON_20260908_PI_MAIN_S3P3_C4_R01,RECON_20260908_PI_MAIN_S3P3_C4_R01,,ORIGINAL_ACCEPTED,S3P3,C4,1,MATCHED_S3P3_R01,344322987200046027,TCP,10,2000,24.0,1,1,1,571313163917135,571323392842190,571323719328424,,571325064246030,571325314199005,INTERVAL_CENSORED_NFT,10228.925055,10555.411289,,11900.328895,12150.28187,4,3,0,18,0,0,0,0,3,38,3.367133868421053,12.280702,0.10032894736842105,69.05028947368422,70.601,2192,2192,0,0,,,0,0,0,,,0,0,0,,,d0678601edf2e461a3070727225efa5877068c79c82a60adee23bbb62fde0454,c1cd5880a399ba51710c36b0825c505741716f240a4de435f6c4b7942d821e84
122,RECON_20260908_PI_MAIN_S3P3_C3_R01,RECON_20260908_PI_MAIN_S3P3_C3_R01,,ORIGINAL_ACCEPTED,S3P3,C3,1,MATCHED_S3P3_R01,344322987200046027,TCP,10,2000,24.0,1,1,1,571365300034245,571375497045407,571375497190497,571377302703407,,,EXACT_XDP,10197.011162,10197.156252,12002.669162,,,4,3,0,28,0,0,0,3,0,37,1.0540269189189189,8.977556,0.15087891891891891,68.53454054054055,69.627,2188,2188,0,0,,,0,0,0,,,0,0,0,,,22900a52aa728b746c7f867b90e1d5b81e9aa984c94a969099695b28090eee53,91fd024c319de47413ed64084d8b830cfc5572f5c4c51e6c8ce702a337d403b6
123,RECON_20260908_PI_MAIN_S4_C2_R03,RECON_20260908_PI_MAIN_S4_C2_R03,,ORIGINAL_ACCEPTED,S4,C2,3,C2_R03_SCAN_22p0,6294456640517241219,UDP,10,250,22.0,1,1,0,571416958986457,571418058788222,,,,,ALERT_ONLY,1099.801765,,,,,0,0,1,68,0,0,0,0,0,35,1.7372581428571428,7.75,0.06229071428571428,68.80605714285714,70.601,2192,2192,0,0,,,40,40,0,1.0,4.91121485,0,0,0,,,6c263d17a540758adb01f72f0f2ec274a51c53d88046f8fdf162758112388230,06d2487b042efb0bf4a13c9d80b859d0df8b44450eefd452fc5fdd744ac8bee7
124,RECON_20260908_PI_MAIN_S0A_C2_R03,RECON_20260908_PI_MAIN_S0A_C2_R03,,ORIGINAL_ACCEPTED,S0A,C2,3,C2_R03_SCAN_22p0,4944253455966496160,NONE,0,,22.0,0,0,0,,,,,,,NOT_APPLICABLE,,,,,,0,0,0,84,0,0,0,0,0,32,1.532017625,6.5,0.026336718749999998,68.4399375,69.627,2192,2192,40,40,1.0,4.7142371,40,40,0,1.0,4.866429575,40,40,0,1.0,22.00203195,293b6cc6a8c724e74390c4d3ed74719448ef75911200cef7d731a6211259478c,d58a424cd129134b747679b8ff7afa6f3a190ea9403ea6016d8a95c62152c9dc
