"SHA256","File"
"ddbef72a097e76f46980b42f03ce6d4435fe2ea6651596e5f8db1ef8daeabab0","automation\cleanup.sh"
"794205c16ead41ca667333bada1485a2166c7fa073edb6cd19e6064f9ee22acd","automation\generate_schedule.py"
"a8d1b59f0ad7622e6ae9868ee1750545823c16c209ab7e9f31d2d51542ed1cde","automation\nft_counter_logger.py"
"aea97159edd118a92d09d250cdd6300cd1ea80aacd1f72a14ac25854e4f39748","automation\resource_logger.py"
"797a04c6345af9228b7e637ea8689f49438a4d382ca688391a5568cba5a18d6e","automation\run_single.py"
"fb7bbddc3acd46331658376f7d518024d30eb936b05e2710b86a5e1140d1686a","automation\runtime_config.json"
"a916e3bd7885ad6088b7b17a6fdf31113c4b19613c3d1e1aaac0293c2204b9b6","automation\temperature_guard.sh"
"89fd0e953105b50d366aaadc28a08729b5890fad6a272f0d158c1f0835cfce36","data\schemas\run_manifest.schema.json"
"f506c2d0477c32097cf9a4bedb919b1a6d4e28a1823a0d5dbd2d37d0d2b627ef","experiments\configs\calibration\frozen_parameters.json"
"c0f2db9e5732645da2da9c89b4798f82c6d54ff1ee85ac78fb906cfcbdfbaabc","experiments\configs\main\implementation_freeze_v2.json"
"2f7ea5cb72096db180cbe9bc96b6cafedcf16c24f00e5f93163e2ef72905f1c9","implementation\comparators\nftables_cleanup.sh"
"9dd345f3ab979b2abd044fdf360e53cddc291457b7464d371ed739a99d22c1b9","implementation\comparators\nftables_quarantine.sh"
"3fa8ae6be43475b7488560013288b803c7793c52ffa89b9598bbfcfcfaa36ae4","implementation\controller\Makefile"
"c05c5df2ad39f788a9f8efbf13d133a6859f01307c45b3dffb9ba85d866ab662","implementation\controller\recon_controller.c"
"3a874bf6705f2474ab56b15319860ffd1c16db31f8e6761651f9b9e95e5765f2","implementation\controller\recon_controller.h"
"c2898d0fec7df41c2fc54485f7dfb06eb196252162ad5b0b6075329a7e52da2e","implementation\controller\state_machine.c"
"54c5edcb0db7e006ff091d00e5cd124808887c8ccc7652348491672bb5cd9d32","implementation\controller\state_machine.h"
"488372151e917d8c792deaaa99b5d85a81d9fad5556a18a879a106d52e2f0fde","implementation\xdp\bpf_helpers_min.h"
"bb4f07df85bedcf53cace83daa4b578563b6798bc6043c6ee126ae757db059e9","implementation\xdp\Makefile"
"ccc4583d3561380b6d2c7aa7cc82c8ef1b9d147341c464db34a3064c3a9ca5fe","implementation\xdp\xdp_common.h"
"b5afc02f5920964252d0752ffca3375def49a47d24bfc7c6613f051ef5f08b7b","implementation\xdp\xdp_maps.h"
"12670dff3c954f0ae8c92241d640001fef737dffe69361148b1115b0fbd3be11","implementation\xdp\xdp_pass.c"
"acec7cb3483f7030c10f212c3c1e459308ae0c0bd2c6cd87be2cc811a72c3f1d","implementation\xdp\xdp_recon.c"
